,remodeling_score,neg_log_pvalue
AAACAAGTATCTCCCA-1,39.64496877609942,
AAACAATCTACTAGCA-1,57.49436335788191,
AAACACCAATAACTGC-1,28.231974698011246,
AAACAGAGCGACTCCT-1,57.00464650289232,
AAACAGCTTTCAGAAG-1,38.81865560705675,
AAACAGGGTCTATATT-1,31.729717050755045,
AAACAGTGTTCCTGGG-1,29.022204395405748,
AAACATTTCCCGGATT-1,33.45758213812158,
AAACCGTTCGTCCAGG-1,31.792074290480556,
AAACCTAAGCAGCCGG-1,30.3187663926162,
AAACGAAGAACATACC-1,56.565850986836,
AAACGAAGATGGAGTA-1,29.893414658663318,
AAACGGTTGCGAACTG-1,29.09444763270853,
AAACTCGGTTCGCAAT-1,29.902311305989283,
AAACTTGCAAACGTAT-1,34.23386066752579,
AAAGACCCAAGTCGCG-1,55.3112749370754,
AAAGACTGGGCGCTTT-1,53.348775423417294,
AAAGGCCCTATAATAC-1,28.85354413087061,
AAAGGCTACGGACCAT-1,28.727090682214097,
AAAGGCTCTCGCGCCG-1,30.265801103439426,
AAAGGGCAGCTTGAAT-1,47.8790185365491,
AAAGTAGCATTGCTCA-1,30.55219598979999,
AAAGTCACTGATGTAA-1,52.727150664403766,
AAAGTCGACCCTCAGT-1,44.30814261299484,
AAAGTGTGATTTATCT-1,45.1666088897683,
AAAGTTGACTCCCGTA-1,46.720554758307614,
AAATAACCATACGGGA-1,49.40693141387074,
AAATAGCTTAGACTTT-1,54.99464956316111,
AAATAGGGTGCTATTG-1,31.898440364034972,
AAATCGCGGAAGGAGT-1,29.154780705476,
AAATCTAGCCCTGCTA-1,35.60130410804058,
AAATGCTCGTTACGTT-1,53.95682285136504,
AAATGGCATGTCTTGT-1,50.84652958762304,
AAATGGCCCGTGCCCT-1,31.27374984404639,
AAATGTATCTTATCCC-1,49.94967102104178,
AAATGTGGGTGCTCCT-1,59.661477610306434,
AAATTAATAAGCGCGA-1,44.82148524937018,
AAATTCCAGGTCCAAA-1,44.57730122885245,
AAATTGATAGTCCTTT-1,30.39591071294925,
AAATTTGCGGGTGTGG-1,34.392539802188786,
AACAATACATTGTCGA-1,29.803499507422654,
AACAATTACTCTACGC-1,35.60445200196256,
AACACACGCTCGCCGC-1,34.2188565102278,
AACACGACTGTACTGA-1,54.75030907612572,
AACACGAGACGCGGCC-1,33.162441366643584,
AACACGCGGCCGCGAA-1,54.58309478599544,
AACAGCTGTGTGGCAA-1,29.600537653591548,
AACAGGAAATCGAATA-1,56.65836206003316,
AACAGGATGGGCCGCG-1,35.891129006069775,
AACATATCAACTGGTG-1,50.15362851842193,
AACATTGAAGTTGATC-1,29.888053717273987,
AACATTGTGACTCGAG-1,28.783115588496692,
AACCATGGGATCGCTA-1,54.677865214220745,
AACCCAGAGACGGAGA-1,53.70041498531929,
AACCCATCCCATGATC-1,28.690007962065224,
AACCCTACTGTCAATA-1,57.256611829282775,
AACCCTGGTGGAACCA-1,55.478289027241054,
AACCGCTAAGGGATGC-1,36.21382714267902,
AACCGTTGTGTTTGCT-1,53.302004753998965,
AACCTCGCTTTAGCCC-1,30.38528078428972,
AACCTTTAAATACGGT-1,30.283508366367705,
AACCTTTACGACGTCT-1,59.541210994427104,
AACGAAAGTCGTCCCA-1,28.65504426863346,
AACGATAATGCCGTAG-1,31.079575569575805,
AACGCATGATCTGGGT-1,58.526549371518335,
AACGCGAACGGCAACA-1,55.14416546655646,
AACGCTGTTGCTGAAA-1,35.38142857179456,
AACGGACGTACGTATA-1,33.60789497930931,
AACGTGATGAAGGACA-1,57.35621430609375,
AACGTTATCAGCACCT-1,49.23266065901284,
AACTAGCGTATCGCAC-1,58.30986465698399,
AACTAGGCTTGGGTGT-1,31.49387701218697,
AACTCCAGAGCGTGTT-1,32.12918884847078,
AACTCCTAATCCCATG-1,60.241983551271424,
AACTCGATGGCGCAGT-1,53.64836694179302,
AACTCTCAGTGTGCTC-1,31.889173210447854,
AACTGATATTAGGCCT-1,54.98009150568258,
AACTGGGTCCCGACGT-1,36.6013817667399,
AACTGGTGTGGGCCTT-1,55.00906354055002,
AACTTCTGCGTCTATC-1,51.74422336821481,
AACTTGCCCGTATGCA-1,35.42550116233883,
AACTTGCGTTCTCGCG-1,53.1295491862538,
AACTTTACGGGAGCTT-1,50.21251480156248,
AACTTTAGCTGCTGAG-1,57.48256379912,
AAGAAGGATCAGTTAG-1,50.488999922809,
AAGACCCAACTGAACA-1,28.66310750857137,
AAGACTAACCCGTTGT-1,49.074190882289074,
AAGAGATGAATCGGTA-1,38.39714078747944,
AAGATGGCACCGGACC-1,28.7256789536738,
AAGCACCCTGCGTATC-1,30.347812762981345,
AAGCATACTCTCCTGA-1,32.22912564442245,
AAGCCGAAGCGGTTTA-1,39.29961705045667,
AAGCCGCCGTGAAATC-1,29.70769089587898,
AAGCGTCCCTCATCGA-1,30.4147894221253,
AAGCTAGATCGAGTAA-1,33.367781493804486,
AAGCTCTTTCATGGTG-1,31.919425942066557,
AAGGAGAACTTATAAG-1,60.02783866050625,
AAGGATCGATCGCTTG-1,48.624280557995945,
AAGGGAACGACTGGCT-1,33.41900868310038,
AAGGTGATAAACCAGC-1,41.54365050767557,
AAGTAGTGACGCGAGG-1,33.2893616954967,
AAGTCAATTGTCGTCA-1,47.28796413143091,
AAGTCTTCTGTGGCCT-1,38.16796035758714,
AAGTGAGTCGGGTTTA-1,30.56826106902749,
AAGTGCAAAGGTAGAC-1,51.91852474929641,
AAGTGCCTTGACTGTA-1,45.366474919378646,
AAGTGCGTTAGAATCT-1,31.60549015617815,
AAGTGCTTCTCTATTG-1,29.977433979102187,
AAGTGTTTGGAGACGG-1,32.89708726005579,
AAGTTCACTCCAAGCT-1,32.516584772141485,
AAGTTCAGTCTGCGTA-1,59.80858510505526,
AAGTTTACTAATGGCA-1,58.41153397507646,
AATAACAACGCTCGGC-1,33.107446186101065,
AATAACACTAGAACAA-1,30.97939568910995,
AATAAGTCCTCGAGAC-1,59.63523598872258,
AATACAATGTTTCAGG-1,50.071648522915446,
AATACCGGAGGGCTGT-1,36.5888550758162,
AATAGAACAGAGTGGC-1,33.62804573921402,
AATAGAATCTGTTTCA-1,34.78465319891029,
AATAGTCCGTCCCGAC-1,29.874555840650665,
AATAGTCGCGAGTCGG-1,49.6613847159652,
AATATCAAGGTCGGAT-1,57.07740070736097,
AATATCCTAGCAAACT-1,30.28467784285698,
AATATCGAATCAATGC-1,40.72649116692866,
AATATCGAGGGTTCTC-1,55.60905869937904,
AATCAGGTTTCATTTA-1,29.40700796373452,
AATCATGTAAAGACTC-1,34.574176290846445,
AATCCAAGGGCCTGAG-1,47.15112484470632,
AATCCATGCAAGGGTG-1,55.834510130293225,
AATCGCGCAGAGGACT-1,43.63747969663419,
AATCGGGACACTACGA-1,47.45014486264424,
AATCTAGGTTTACTTG-1,32.751334281695776,
AATCTATGCCGGAGCC-1,51.117763258466994,
AATCTCTACTGTGGTT-1,49.8717643944676,
AATCTGGCTTTCTAGT-1,32.36266538484101,
AATGACAGCAATGTCT-1,32.116080980353296,
AATGAGTTCGCATATG-1,49.82194358827747,
AATGATGCGACTCCTG-1,55.851199307893616,
AATGCACCAAGCAATG-1,55.08195663038017,
AATGGTCCACCGTTCA-1,46.403931601541565,
AATGGTTCTCACAAGC-1,54.90938199734012,
AATGTGCCCGAGGTGT-1,29.693772249855165,
AATGTGCTAATCTGAG-1,29.54784937862836,
AATTAACGGATTTCCA-1,29.61790762493114,
AATTACGAGACCCATC-1,30.12351028734592,
AATTCCAAGCATGTAC-1,28.41203499887493,
AATTCGATTCGAGGAT-1,31.23675656657132,
AATTTGGGACATAGTA-1,60.78966718945132,
AATTTGGTTCCAAAGA-1,50.81764287753388,
ACAAACCATGCGTCCT-1,30.10652192519781,
ACAAAGAAGGTAGGCC-1,31.33272797957535,
ACAAAGCATGACCTAG-1,33.59299414422779,
ACAAATCGCACCGAAT-1,32.227933481362214,
ACAAGCAGTGCCTAGC-1,34.1247295530015,
ACAAGCTATATGGAAG-1,36.28221817918825,
ACAAGGAAATCCGCCC-1,34.35669726766346,
ACAAGGATGCTTTAGG-1,30.57458584962489,
ACAATAGTCGTACGTT-1,40.48065132147762,
ACAATCCATTTAAACC-1,34.6998676151536,
ACAATCGATCTTTATA-1,56.83183202463697,
ACAATGAATACGGAGA-1,28.72908774164746,
ACAATTGTGTCTCTTT-1,35.70467743686399,
ACAATTTAGGAGGCTC-1,52.470008710919714,
ACACACCAGGACCAGT-1,39.73458950691715,
ACACACTTTCTACACG-1,45.99871585133842,
ACACATGATCAAATCT-1,35.26292928365669,
ACACATTTCCGTAGAC-1,30.698465007503795,
ACACCGAGCGCTCTTT-1,40.68654288611765,
ACACCGGTCTGACCGC-1,30.909294544401178,
ACACCTTACTACTTGC-1,43.0804502341454,
ACACGGCACTATGCAT-1,55.222283639875656,
ACACTCCAATGTCACT-1,49.42986705834247,
ACAGAACTGAGAACAA-1,29.1456587177024,
ACAGATTAGGTTAGTG-1,53.88853572607372,
ACAGCATAGAGCCAGT-1,56.64670216653275,
ACAGCGACATTCTCAT-1,34.29227931436413,
ACAGCGCACCCGCAGC-1,57.80408257186759,
ACAGGCTTGCCCGACT-1,31.481751211453847,
ACAGGTGGAGGTGAGG-1,34.00527467963931,
ACAGGTGTGTTGTTGC-1,41.882968645118005,
ACAGTAATACAACTTG-1,32.79742516833385,
ACATAAGTCGTGGTGA-1,29.57944953923775,
ACATCAGCTGGGACGC-1,56.38399431061352,
ACATCCCGGCCATACG-1,30.970004536119596,
ACATCCTGGTAACTGT-1,54.64806497456805,
ACATCGTTAACCTAGT-1,57.203703409718734,
ACATCTCAACGCGTAA-1,60.03927399299593,
ACATGGCGCCAAAGTA-1,53.052851936835054,
ACCAAACTAGAAATCC-1,56.54673168523578,
ACCAACCGCACTCCAC-1,34.02041078604266,
ACCAACGCTTATTTAT-1,34.672325590990944,
ACCAATATGCAAGTTA-1,29.47446824176764,
ACCACAACTCAGAACA-1,57.86070733506975,
ACCACCAATGTAACAA-1,45.49450172416628,
ACCACGTGCAGCTATA-1,34.38975132693438,
ACCAGACCATAACAAC-1,34.222914367064945,
ACCAGCCCGGTCTTTG-1,59.05597163973031,
ACCAGGAGTGTGATCT-1,59.41423561560795,
ACCAGTGCGGGAGACG-1,35.641008032812884,
ACCATCCGCCAACTAG-1,35.80978993169063,
ACCCACCTACATGCTC-1,45.52037085625308,
ACCCATTTGTCCCTCT-1,35.27644457616882,
ACCCGATTGGTTCCGA-1,29.795217355943603,
ACCCGGAAACTCCCAG-1,29.741792612502294,
ACCCGGATGACGCATC-1,57.19726337953367,
ACCCGTGTCATCAGTA-1,30.3014579567118,
ACCCTATAGGACTGAG-1,54.59049757796698,
ACCCTATGCCATATCG-1,30.012706845966807,
ACCCTCCCTTGCTATT-1,34.05302183985887,
ACCCTTCATCTGCGAA-1,47.48739116938295,
ACCCTTTAGTTCTCCA-1,59.82309781091847,
ACCGAAAGGGCCCTGC-1,56.34330855508291,
ACCGAAGAGTCTGGTT-1,29.428909138058927,
ACCGACACATCTCCCA-1,30.05626507177993,
ACCGAGTCTCCTTATT-1,30.67456691807269,
ACCGCAATAACTGCCT-1,31.44890944377876,
ACCGCGGTGGAAGTCG-1,41.85889311943521,
ACCGGGCCTTTGTTGA-1,40.43683528735277,
ACCGGTCAGGTACACC-1,31.40590343015272,
ACCGTGACCACGTGGG-1,30.05834313941661,
ACCGTTCCCGCTCTGA-1,56.68893530956866,
ACCTAAGTACCTTTCA-1,33.11406974782672,
ACCTAATCGACTTCCT-1,34.58281134143547,
ACCTACAGTATGTGGT-1,43.58477726073656,
ACCTCCGCCCTCGCTG-1,37.49806864089266,
ACCTCCGTTATTCACC-1,49.36140537583727,
ACCTGCGTGTCATGTT-1,39.919753303096925,
ACGAAATGGGCGGCAC-1,34.720658598201084,
ACGAGAACCCATCACG-1,57.86083857747764,
ACGAGATATTTGCTTA-1,59.145653033489566,
ACGAGGATACCACTCT-1,30.17156071230737,
ACGAGGTTTACAACGT-1,29.05920865167736,
ACGAGTACGGATGCCC-1,57.20092870173218,
ACGATACCTATCCTGA-1,39.80802229958933,
ACGATCATCTTGTAAA-1,54.77579787220089,
ACGATGGATCCGATGC-1,53.30635844465246,
ACGCAAACTAATAGAT-1,29.50079851760254,
ACGCAATCACTACAGC-1,60.20417502905861,
ACGCATACGTTTACTA-1,37.71010951712324,
ACGCCAGATGATTTCT-1,49.873093524759895,
ACGCCCAGCTGTCGAT-1,54.14978392139994,
ACGCGTTTCTTAAGAG-1,51.80823155429034,
ACGCTAGTGATACACT-1,44.23759990465531,
ACGCTGTGAGGCGTAG-1,47.734402980873,
ACGGAATTTAGCAAAT-1,52.849243242431,
ACGGACTCTCAAAGCG-1,30.07697953064631,
ACGGATGGTGCGGATA-1,31.47694709029836,
ACGGCCAACATGGACT-1,32.95241146543468,
ACGGCGACGATGGGAA-1,33.917461572287216,
ACGGCGGGTTGCCCTG-1,49.47047006697044,
ACGGCTGGATGTAGAA-1,29.79230038340419,
ACGGGAGTGTCGGCCC-1,32.319434844207954,
ACGGGTCATGTGACTT-1,39.24933056198412,
ACGTACAGATTTCTCT-1,53.99238094271534,
ACGTACTTTGGCACGG-1,29.498728076777848,
ACGTAGGAGAGTCGCT-1,31.06222015620613,
ACGTATTACTCCGATC-1,56.55041665489154,
ACGTCTCGTTCCGGGA-1,33.47099798344381,
ACGTGACAAAGTAAGT-1,29.312908629407232,
ACGTTATTGGTCACTC-1,45.38995807160643,
ACGTTCCGCGCTCCGT-1,56.24845822108194,
ACGTTCGCAATCAATT-1,46.52212847855731,
ACGTTCGTTCAGGAAA-1,29.40111220472322,
ACGTTCTGTACAAGTC-1,33.87806239435036,
ACGTTTAGTTGTGATC-1,56.33745085184398,
ACTACAAAGAGAGGTG-1,29.18425613788469,
ACTACATCCCGACAAG-1,28.977975158518557,
ACTACGCGTTAGAATT-1,29.93367497560561,
ACTAGTTGCGATCGTC-1,40.49565579877584,
ACTATCCAGGGCATGG-1,47.46375941247211,
ACTATGTCCAGCTGCC-1,29.86493941884747,
ACTATTCGTCCGTGGT-1,53.90540884100521,
ACTATTTCCGGGCCCA-1,31.49916077192935,
ACTCAACGAATGTATT-1,57.46476872204439,
ACTCAAGTGCAAGGCT-1,30.0557595070466,
ACTCAGACCTGCTTCT-1,54.29005271220139,
ACTCCCATTCCTAAAG-1,33.686234632144995,
ACTCCCGAATTCGTTT-1,57.5545082715992,
ACTCCCTAATGCTAAA-1,30.11328237950013,
ACTCCGGCCGACCACT-1,32.396134131814044,
ACTCGATGTATTTCAT-1,41.59734511539243,
ACTCGTAACCCGTCCT-1,32.70890202078242,
ACTCTAAACCTGGGAT-1,49.78505599738649,
ACTCTCTTATACACGA-1,59.07824608446295,
ACTGAAACGCCGTTAG-1,31.786415826913625,
ACTGAATGGCGAAAGT-1,34.90595646211318,
ACTGATTTAGTGATTC-1,55.48019033853189,
ACTGCCCGCCATTCTC-1,28.58028453420993,
ACTGCCGTCGTAACTC-1,56.71481451003202,
ACTGCTCGGAAGGATG-1,31.25515062671276,
ACTGGGATGCCAGTGC-1,28.98540250154336,
ACTGTATACGCGAGCA-1,55.13241249433251,
ACTGTGCTAGTAGATC-1,52.46047510836572,
ACTGTTTAGTGTAGGC-1,58.89474224014579,
ACTTACCGGGCGCGCA-1,54.68731181898946,
ACTTACGCATCCACGC-1,30.7244929400453,
ACTTAGTACGACAAGA-1,53.22565647378704,
ACTTATTTATGTGCCA-1,35.551908228724315,
ACTTCAGGCTGATCCC-1,32.7275023455973,
ACTTCCAGTGGAAGCT-1,30.893021036933597,
ACTTCCATGCGGGACA-1,30.513464608789832,
ACTTGCCATATTGTAC-1,58.85239430318551,
ACTTGTAGTCCCTTCA-1,36.8378473154748,
ACTTGTGGATGGAACG-1,39.541603662475765,
ACTTTACCCTCATGAA-1,56.36225127280136,
ACTTTGACTGCATCCT-1,50.4285411879831,
ACTTTGGTCGTGCTCC-1,29.776088725461875,
AGAACCCTCAATTGGG-1,28.707408888329155,
AGAAGGTTGTAGGTCG-1,31.187370703283403,
AGAAGTGATTCGTGAT-1,32.32238549013714,
AGAATAAATCTTCAGG-1,49.61495660408654,
AGAATTATGGATTCGA-1,49.68357802096836,
AGAATTGTTTGACATA-1,51.99953172310363,
AGACAGCTCAGAATCC-1,48.214613014573295,
AGACATAGATCCTTCC-1,55.530611111259965,
AGACCAAACCACACCT-1,30.38012720598412,
AGACCGCTCCGCGGTT-1,43.87781942866354,
AGACCGGGAAACCCTG-1,37.35071468047367,
AGACGAAGTGCCGGTC-1,37.41806086769665,
AGACGACGATGCCGCT-1,30.3293768188254,
AGACTGTTACCGGGTC-1,30.54437340375498,
AGAGAAACACCAGAAA-1,27.89840880721109,
AGAGAAGGAGTACAAT-1,29.60118666447402,
AGAGATCTCTAAAGCG-1,39.56442927534632,
AGAGCAGTTATGAGAC-1,46.64272841535573,
AGAGCTACGAAAGCAT-1,49.22971848303979,
AGAGGCTTCGGAAACC-1,42.07215599636864,
AGAGGTATCTCGGTCC-1,57.19785027927542,
AGAGTAAACTTCACTA-1,43.78671360034678,
AGATACGACTTCATAT-1,51.09211198906698,
AGATACTCAAGATCGA-1,35.2967288165715,
AGATATAATACGACTA-1,30.68499612492554,
AGATCGTGCATAAGAT-1,56.96700212592742,
AGATGAGGGTTGCGAT-1,58.15146739686276,
AGATGATGGAGTCTGG-1,56.02826229277411,
AGCAAAGGCCGCTAGT-1,31.3054112787434,
AGCAACATATCTTATT-1,44.116237807532215,
AGCACACGTTTAGACT-1,29.559903084417368,
AGCACTACCTCACCAG-1,31.07112905036627,
AGCACTTAAGGACGCC-1,34.31459182225365,
AGCAGAAGGAGAAAGA-1,29.571145191902144,
AGCAGCCAGATGAATA-1,29.967953201549065,
AGCAGTCGAAGCATGC-1,32.04768140004896,
AGCATATCAATATGCT-1,35.498954233445176,
AGCATCATTTCGAAAG-1,30.855988480306458,
AGCCAAGCTTTGTGTC-1,29.25472572104384,
AGCCACAGGTTACCCG-1,31.31406740585708,
AGCCATATAGTATGTG-1,30.089836476839796,
AGCCCGGCATTAGAGG-1,30.357781763638886,
AGCCCGGTAGCCTGTA-1,29.125217591216828,
AGCCCTAAGCGAAGTT-1,46.9738858816515,
AGCCCTCCCTGGTGGC-1,29.71866230430748,
AGCCCTTCTAATCCGA-1,59.663353423564544,
AGCCGCAAATTCAAAT-1,34.9957041899083,
AGCCGTGGCTAAATGT-1,30.94929425368236,
AGCCTAATACCCACGT-1,30.80540717993736,
AGCCTTAAAGCGGAAG-1,52.55075881227454,
AGCGACAGGAACGGTC-1,32.66734861413705,
AGCGCATAATGAATCG-1,29.590856936187265,
AGCGGACACTTCGTAG-1,29.85422629350349,
AGCGGCGGTTAGCGGT-1,32.30240143517579,
AGCGGGAAGGGTCCAT-1,54.6850040540761,
AGCGGGTCTGACACTC-1,30.41158114839296,
AGCGTACGAGAGCTAG-1,56.756616496512265,
AGCGTCTGAACCCGCA-1,54.73609353261505,
AGCTAAGTACGCAGGC-1,29.6340872741547,
AGCTATTTAATCCAAC-1,49.15655563649567,
AGCTCCTTCGCACATC-1,31.792282072998745,
AGCTCTTCGTAACCTT-1,52.94758941086256,
AGCTGTAACCTCAATC-1,29.04159967813223,
AGCTTATAGAGACCTG-1,57.297233205270615,
AGGAAGCTGTCCGCCG-1,31.06024867714873,
AGGACATCGCACGTCG-1,50.414656180180536,
AGGACGCTCGATGTTG-1,56.65499660443244,
AGGAGGCCTTCGCGCG-1,38.13758214006936,
AGGATAAAGTCGGGAT-1,32.14020939902858,
AGGATATAGGGATTTA-1,41.49291801663451,
AGGATCACGCGATCTG-1,31.97956473889908,
AGGCAGGGAGCGTACT-1,29.990409706136575,
AGGCATTGTCGTAGGG-1,37.76247326277719,
AGGCCCAGTGACTGGT-1,41.73491699181202,
AGGCCCTAGAACGCCA-1,33.532347891872625,
AGGCCTATCATACCAA-1,29.25776004939023,
AGGCCTGAGAATCTCG-1,31.26622640056401,
AGGCGGTTTGTCCCGC-1,31.638185625209125,
AGGCTATGGTTAGCTT-1,37.85725270030388,
AGGCTTGCTAGACACC-1,48.031672662324674,
AGGGAAACGAGGTACT-1,59.53663577810983,
AGGGACAGCACGGCGG-1,56.83432159053461,
AGGGACCGGCTGCGTT-1,46.90346394601322,
AGGGACTCTACGCGAC-1,31.46347227965121,
AGGGAGACATACTTCG-1,54.11128191897557,
AGGGCAGCGGCGTGGT-1,56.99569378587348,
AGGGCGAGCAGCTGAT-1,34.08764210683359,
AGGGCGTGATCGGCTA-1,46.50171886204094,
AGGGTGGATAGTGCAT-1,53.18978266334775,
AGGTAACCTCCTATTC-1,54.57057686954763,
AGGTACGATATTGCCA-1,49.75983627729539,
AGGTAGGTACAAAGCT-1,32.67413614191983,
AGGTATAATTGATAGT-1,49.863587561606494,
AGGTCAGGTGAGAGTG-1,37.04546137270086,
AGGTCGCGGAGTTACT-1,57.71900181993227,
AGGTGGTGACCTTCGC-1,29.691654641112287,
AGGTTGAGGCACGCTT-1,40.21954935984893,
AGTACAGAAGCTTATA-1,30.2634954549922,
AGTACATCATTTATCA-1,59.338783725720624,
AGTACGGCCCGTATCG-1,51.65689054673243,
AGTACGTGGCCTGTCT-1,55.47733396592126,
AGTACTCTTATGCCCA-1,31.74315538896308,
AGTAGCGTGAACGAAC-1,58.22822072972635,
AGTAGGAAGGAAGTTG-1,57.391088854570285,
AGTATACACAGCGACA-1,29.58949559946839,
AGTATGCTGGAGACCA-1,29.66319908631173,
AGTATTTGGCACGACC-1,30.437811457604287,
AGTCAAATGATGTGAT-1,32.182399764193654,
AGTCAAGATGACACTT-1,33.78097006839,
AGTCACTAGCTCTCGA-1,32.789577389860376,
AGTCACTCCGCCTCAT-1,54.697524925856165,
AGTCAGCCACCGCCTG-1,46.40751104445012,
AGTCCATTGGCTGATG-1,47.3471579929805,
AGTCCCGCCTTTAATT-1,56.61393904060782,
AGTCGGCTCAACTTTA-1,32.88544754936679,
AGTCGGTTGCGTGAGA-1,43.35731965637822,
AGTCGTATAAAGCAGA-1,30.48716678396817,
AGTCGTCGACCACCAA-1,32.11819634617967,
AGTCGTGGGCATTACG-1,31.631183821009422,
AGTCTAAAGTATACTC-1,53.64092968740937,
AGTCTCACAAGACTAC-1,29.951288649263603,
AGTCTGGACATCCTTG-1,52.99132183085408,
AGTGAACAAACTTCTC-1,52.219677859848886,
AGTGACTGTGACACAA-1,28.84952088234585,
AGTGAGCCTCGCCGCC-1,57.795034355911234,
AGTGAGGGTTTCTGAC-1,58.84803137848563,
AGTGATAACCTGCGCG-1,31.2209672511556,
AGTGCACGCTTAAGAA-1,34.38641931596859,
AGTGCTAAACACAGCA-1,31.25654988428728,
AGTGCTTGCACGAATA-1,38.38132821041425,
AGTGGCGTCTGAAGGT-1,31.38284335563872,
AGTGGCTCCGTCGGCC-1,52.1740657834348,
AGTGGTGTTACCCGTG-1,33.62852025017818,
AGTGGTTGCGTATAGG-1,49.75947038041528,
AGTGTATTGCGCATTG-1,58.43355891149471,
AGTGTGCTAAGATCGC-1,40.5493782169222,
AGTGTGGTCTATTGTG-1,49.80629493138728,
AGTTAAGTCAACCGCT-1,30.100604054666466,
AGTTACCCTTAAGACT-1,48.32484786536544,
AGTTACCGCACATGGT-1,55.00952470979523,
AGTTACTCTATCGTGG-1,54.21264944501173,
AGTTATTGAAAGGTAA-1,54.511997928544986,
AGTTCACCGGTTGGAC-1,45.48080117024801,
AGTTCTGCGTTGTATC-1,51.27290034672445,
AGTTGACATCGGCTGG-1,55.17786115192583,
AGTTGACGGTCCTTGC-1,29.232205043167365,
AGTTGCTGACTGATAT-1,52.93739641884666,
AGTTTCGCAGGTCGGA-1,51.977331213857504,
AGTTTGCACCTGCCTC-1,30.54692663784821,
AGTTTGGCACGGGTTG-1,49.9299139731607,
AGTTTGGCCAGACCTA-1,33.10091979657381,
ATAAACCATTGGACGG-1,57.70035175877829,
ATAAACGTTGCACCAC-1,47.55449127543197,
ATAAAGGTCAAGTACG-1,53.2270905820046,
ATAAGGTGGAGAACAT-1,33.75707928128988,
ATAAGTAGGATTCAGA-1,56.42678032179664,
ATAAGTAGGGCGACTC-1,50.7014682945312,
ATAATACCGTTAGCCG-1,45.50292984348462,
ATAATAGTGTAGGGAC-1,50.6164714684505,
ATAATCTTGGAGAACC-1,30.614163535320984,
ATAATTAGCTAAGTAG-1,29.96093975396437,
ATACAGGCCCTCCAAT-1,30.02210587911403,
ATACCACGGGCAACTT-1,32.72638813289082,
ATACCAGCAAATTGCT-1,58.264717987337,
ATACCAGGCTAATAGA-1,56.82467350267243,
ATACCAGGTGAGCGAT-1,58.809377179478126,
ATACCTAACCAAGAAA-1,29.76011102372861,
ATACGGAACGTCGTTT-1,30.2610713028474,
ATACGGTGAAGATGCA-1,54.77838489342467,
ATACGTACTTAGCCAC-1,30.733219281788305,
ATACGTCCACTCCTGT-1,35.514123904673745,
ATACGTTATGCACGGA-1,29.2594073616508,
ATACTACCCGTACCAC-1,44.7753003754461,
ATACTCTCGCCACTCT-1,57.189297675946605,
ATACTGCCTTACACCG-1,31.182962731452346,
ATACTTGTTCTCGAGC-1,49.83594175174802,
ATAGATTTGCAGTCGG-1,53.53534098660492,
ATAGCAACTAGGGAAG-1,33.08888324817725,
ATAGCCTCAGTACCCA-1,47.39676672315085,
ATAGCTGCTCTTGTTA-1,38.76268908252548,
ATAGGGATATCCTTGA-1,35.82199448993679,
ATAGTCTTTGACGTGC-1,56.54104270744035,
ATAGTTCCACCCACTC-1,54.42989641743101,
ATATAAAGCGCTCGTG-1,30.026315513166047,
ATATAAATGTAGCTGC-1,31.11774193958772,
ATATAACACGGGCGCA-1,30.569780580083304,
ATATACATGTATGGTA-1,31.9797049726596,
ATATCAACCTACAGAG-1,55.85789253675683,
ATATCAATTCCAGCCT-1,29.148958559196032,
ATATCGGTAGGGAGAT-1,46.0249312702856,
ATATCGTGCCAGACCC-1,52.97668929518886,
ATATCGTTCCTCGAAC-1,32.08433762291355,
ATATGGGATAGCAACT-1,29.1929403300833,
ATATGTCTAGAGCGTG-1,30.26744122614131,
ATATGTCTCCCTAGCC-1,44.09376608940181,
ATATTCCACATAGTGA-1,33.13016357430857,
ATATTCCCACAGGTCA-1,56.70789460355851,
ATATTGCTGTCAAAGT-1,52.06633466560993,
ATCAAACACTGTTCCA-1,43.28855233170721,
ATCAAACGAAGGTTTG-1,33.01501879089852,
ATCAAGATCCCAGGAC-1,30.38312860351492,
ATCAATGCCGTGGCTG-1,30.865649532903817,
ATCACTTCATCCTCGC-1,38.00293719598531,
ATCAGCCTCATGCTGC-1,32.08537857743912,
ATCAGCTCGTCCACTA-1,31.263345561745453,
ATCCAATGGTACCGAA-1,41.46848406956944,
ATCCACATCGACAGAA-1,30.947179973859807,
ATCCACGCTAAATGTT-1,57.58414408688976,
ATCCCATCCACAGCGC-1,28.71607633796437,
ATCCCATTTCCGTGGG-1,29.402033791449984,
ATCCTGCTGCAGATAG-1,55.470894028407336,
ATCGCCAGTCAACATT-1,42.54040975042,
ATCGCTGCGTGCAGCA-1,61.06063291085332,
ATCGGAGACAGACGGC-1,33.820719352689366,
ATCGGCAAGCAGTCCA-1,55.73047698677872,
ATCGGTTACCTAGTAA-1,50.8339041846228,
ATCGTATTCCGAGAAC-1,44.83114584318104,
ATCGTCCAATCGAGTC-1,42.95244194263195,
ATCGTGGAAAGTCTGG-1,31.01662359517141,
ATCGTTAGCTAGCGGA-1,35.750210217234354,
ATCGTTCACTTTCGCC-1,52.007984679624485,
ATCTAATATCCTACGG-1,29.55864791899504,
ATCTACCATCTGCTCC-1,30.68410388973179,
ATCTAGCTTGTGAGGG-1,30.44542264490733,
ATCTCCCTGCAATCTA-1,56.38566464986757,
ATCTGACATGGAAGGA-1,29.7693001723065,
ATCTGATAGTGTCTTA-1,41.22961709812489,
ATCTGCACCTCTGCGA-1,54.89514234884319,
ATCTGCTGTTATCGCC-1,29.28183140295373,
ATCTGGGCTGTTCTTG-1,34.66621560579452,
ATCTTGACTTGTCCAA-1,59.02589228075602,
ATGAAGTGGACCCAGC-1,50.4188927183326,
ATGACGCGTTCTATCC-1,29.775000092286295,
ATGACTATCAGCTGTG-1,29.46375703187045,
ATGACTATGCGACATT-1,32.44495614289116,
ATGCACCTTCCTTAAT-1,45.03326969724071,
ATGCACGCGCTGTTCA-1,29.30034365271535,
ATGCATTCCGTGATGG-1,57.74532639849189,
ATGCCATTTGCGACCA-1,39.397048461906415,
ATGCGAGTCCCACCAC-1,51.723999676596776,
ATGCTCTGGCGCGGTA-1,30.90732827918517,
ATGGAAATTTAAGGAG-1,29.68471402828624,
ATGGCAGCATTACGAT-1,30.37422656389549,
ATGGCAGCCGAGAAAC-1,51.34795486040616,
ATGGCTGGAAATGGCC-1,60.30251485297457,
ATGGGCCTCGGCCTCT-1,38.788444833923,
ATGGGTGTATACCTCC-1,29.852339496212384,
ATGGTATTGGGAACCG-1,31.062061452003704,
ATGGTGCTCAAAGCCA-1,59.123033270350646,
ATGTAAGGCTGCTCTT-1,48.54096697638757,
ATGTACGATGACGTCG-1,29.104879249611404,
ATGTCATTTCCCATTG-1,45.6267956900113,
ATGTGAAAGCCTAATG-1,33.369557877262565,
ATGTGTAGTTTAGTCA-1,58.60180143349344,
ATGTTACGAGCAATAC-1,52.75169928091251,
ATGTTCCTGCCCACCT-1,40.58031120994491,
ATGTTCGTCGACCCAC-1,49.7180915094539,
ATGTTGATTAGAGACT-1,32.45941683279473,
ATGTTGTAGTCTGTTT-1,30.266859926805424,
ATTAACACCTGAGATA-1,43.32061050059322,
ATTAATTCGGTCACTC-1,46.70871993956075,
ATTACAACTACCGGCC-1,58.78683696002337,
ATTACATGTCAGTCTT-1,39.66649449998896,
ATTAGATTCCTCAGCA-1,61.33322022613216,
ATTATAGCTACTTTAC-1,47.72518546724579,
ATTATCTCGACAGATC-1,51.94791478785542,
ATTATTATGTCCGTCA-1,30.18114811625667,
ATTATTCAGAGTCACT-1,33.9410699640614,
ATTCAACCATTTAAGG-1,34.631394584948296,
ATTCACTGATGTTGGA-1,30.28175570890311,
ATTCAGTAGCAGGGTC-1,38.65990409892765,
ATTCATCGTTGAGGCA-1,30.629146122533022,
ATTCCCACATAAACAA-1,40.64953286303064,
ATTCCTTCCAGGCGGT-1,55.61831338096106,
ATTCGTGCTATCTCTT-1,43.381587539234566,
ATTCTCGTCTCTTTAG-1,50.9333942515785,
ATTCTGAGTATGAACT-1,58.54762738018307,
ATTCTTCGTACTTATG-1,60.20085828394903,
ATTGACGTAACTCGGT-1,56.4111962492112,
ATTGATAGCAACGAGA-1,54.57985736381602,
ATTGATCACCACATTT-1,30.05215346426838,
ATTGATGAGTCCTAAC-1,49.54618930742553,
ATTGCCTATTAGACCG-1,29.27719384196774,
ATTGCCTTTATGTTTG-1,31.826832444714835,
ATTGCGATCAGTAACT-1,36.4020775392021,
ATTGGATTACAGCGTA-1,35.7379679295914,
ATTGGTAGGATCCGCT-1,48.37346743630501,
ATTGTACAACTCGGCT-1,54.465082120082656,
ATTGTCTGTTTCATGT-1,29.508777304008944,
ATTTACTAAGTCCATT-1,52.393902296273566,
ATTTCCGGGTTCTGCG-1,30.50939739982456,
ATTTGCCTAGTTACGA-1,53.08459669981869,
ATTTGCGCGAGTAGCT-1,30.304097519848945,
ATTTGTTCCAGGGCTC-1,34.32015124403292,
CAAACCAGGTCTGCAT-1,39.72476768070682,
CAAACCCTCCGGCGGG-1,30.572703609307123,
CAAACGTGGTCTTGCG-1,59.212402325925886,
CAAACTACGATAGAGA-1,57.92132674370152,
CAAACTATTGAGCTTC-1,56.69890275129872,
CAAACTCGCGACGCCG-1,47.11086326478124,
CAAAGATTATTGGGCC-1,29.507589732598397,
CAAATCTCTCACAAGG-1,33.94190910479964,
CAAATTGTCAGCAAGC-1,47.79494208853769,
CAACCTACCGAGCAGT-1,35.059423420050386,
CAACTCCTTGATCCCG-1,47.12736537179796,
CAACTGCTCATCCGAT-1,30.370259436629134,
CAACTTGTAGTGGGCA-1,53.47493242195186,
CAAGATATTATAACGT-1,38.54384103760994,
CAAGCACCAAATGCCT-1,37.57927344186344,
CAAGCGGCACATAATT-1,30.56248319742793,
CAAGGTCCTATAGGCT-1,47.02968509184547,
CAAGTGAACTTTGGTT-1,58.30920295786171,
CAAGTGTGGTTGCAAA-1,47.29556123603194,
CAATACGCTCTGAGGC-1,41.55541182837317,
CAATATTCTTGACCTA-1,30.292525929014275,
CAATATTGGACTAGTG-1,45.37694827684937,
CAATCCCTATACCAGC-1,59.02538863379508,
CAATCCTGCCGTGGAG-1,50.16649465624703,
CAATGACCCTTAATTT-1,28.91762580586298,
CAATGCGAGAAGTATC-1,31.20633575710139,
CAATGGAATCTACATA-1,59.29967203721888,
CAATGGTCGGCCTGGG-1,54.6674635797952,
CAATGTGCCAACCCTT-1,45.08089146990415,
CAATTGGGCCGCACTC-1,29.78804073212552,
CACACACGCTAACGAG-1,38.79223924384837,
CACACAGGGATAGATT-1,41.80268865341805,
CACAGAGACGAGGACG-1,31.181604052439383,
CACAGGGCCATATAGT-1,33.01900720049014,
CACAGGGCCGTTGTCA-1,29.659185731172222,
CACATCGTGCACGCGC-1,29.82113987512009,
CACATCTCACCGACGA-1,30.20786263998413,
CACATGTTTGGACATG-1,46.82987866405185,
CACATTCTTTCGATGG-1,50.749892330098646,
CACATTTCTTGTCAGA-1,43.69659886557536,
CACCAATCATCCGTCT-1,28.835538337851123,
CACCACGCCACACAGA-1,41.79608913535393,
CACCAGTCAGCATGCA-1,29.539551873868497,
CACCATCGGAGGAGAC-1,52.5871101540912,
CACCCAAATCTTATGT-1,54.15985945430574,
CACCCGGTTTGTGACT-1,31.31950486701345,
CACCCTAACAAGATCT-1,30.542228658804017,
CACCCTTGGTGAGACC-1,31.366094592145444,
CACCCTTTCCTCGCTC-1,53.90162056416684,
CACCGATACACCGAGC-1,58.98477409772019,
CACCGCCGACCAGCGA-1,48.14841766078228,
CACCGCGTCCACTCTA-1,56.76442116912087,
CACCGTATCCCATCCG-1,36.17984106254507,
CACCGTTAGGGATCAC-1,30.524863643705352,
CACCGTTGCGCGATAT-1,32.06296261616855,
CACCTAATAGAGTCGT-1,55.55133020224028,
CACCTAATCAGTTTAC-1,35.24095948141004,
CACCTCGATGGTGGAC-1,38.114376600246544,
CACCTTGGCGCCTTTG-1,52.98600878388401,
CACGAAAGTTAGTCCC-1,32.99077461310958,
CACGACTAAAGTTCTG-1,56.68810886013495,
CACGATTGGTCGTTAA-1,57.75212635357605,
CACGCGGAACTGTTGC-1,51.45521803597845,
CACGGCGCGCCAAAGG-1,57.637015003524894,
CACGGGATTGAGGGTT-1,54.185794907326354,
CACGTTTCGTACACAC-1,31.73463854946764,
CACTACTCAGTTCTGT-1,59.40722412710095,
CACTCAGCTCTTGAGG-1,53.0952976176993,
CACTCCTATGTAAGAT-1,29.541286629591173,
CACTCGGTTAGGAGGA-1,54.19293393689419,
CACTCTTCTGCTAGCC-1,35.09540738224712,
CACTGACGATTGTGGA-1,29.06621935942294,
CACTTCGTCTTATCTC-1,43.6547485247751,
CAGAACTTAGCCCTCT-1,30.89831495464466,
CAGACACCGATCGCTG-1,33.73445853887122,
CAGACCTGTAAGTGTT-1,47.49953261226737,
CAGAGGCGATGCATGA-1,31.657521171455983,
CAGAGTGATTTAACGT-1,52.67852598544064,
CAGATCATTTAAAGTC-1,60.14471590798709,
CAGATGTTTGTCCCAA-1,28.80913174421925,
CAGCAGTCCAGACTAT-1,41.61819124089183,
CAGCAGTCTGTGCTGC-1,30.136987990702757,
CAGCCCTCACAGGCAG-1,57.77759192815448,
CAGCCGGGCCCTCTAT-1,58.63821352086672,
CAGCCTCTCCTCAAGA-1,56.02958691530393,
CAGCGATTCCCTTCAA-1,32.25272296241974,
CAGCGCCAACACGATA-1,37.75404712861588,
CAGCTCGTGCTTGTGT-1,54.565330070093424,
CAGCTGGCGTAACCGT-1,35.985151372713155,
CAGCTTAGTAGGTAGC-1,34.221014858335494,
CAGGAAGACTTTATAT-1,55.38730992921816,
CAGGATCCGCCCGACC-1,51.84815944176763,
CAGGCGCACGGTGGTC-1,29.59444274504418,
CAGGCGCCATGCTAGG-1,35.12276068073269,
CAGTAACTATTTATTG-1,60.71867913010336,
CAGTAATCCCTCCCAG-1,50.43617470858626,
CAGTACCAGTTTACGT-1,33.39091859804221,
CAGTAGATGATGTCCG-1,42.14544177874362,
CAGTAGCGAGGTAGTA-1,48.75230600674886,
CAGTCGAGGATGCAAT-1,55.45628569479328,
CAGTCGGCCTAGATAT-1,31.690038469507968,
CAGTCTCTCGGCTAAT-1,51.39054426079945,
CAGTGGTTGCACATGA-1,52.1092062410063,
CAGTGTCCGCAGAATG-1,52.3909024940514,
CAGTGTCGGCTGGCCC-1,32.95547819486908,
CAGTTCCGCGGGTCGA-1,41.25722391218782,
CATAAGAAGCTTGGCT-1,29.93075432927168,
CATAAGCTCTCCGTCT-1,36.740728048298735,
CATAATGAGCGGGCGA-1,55.373580449832026,
CATACAAAGCCGAACC-1,53.93479605269591,
CATACACGGTTCCCAC-1,29.599188763372464,
CATACGAACTAGCTGG-1,29.599295193892207,
CATACTTAGGCAATAC-1,50.070962075734826,
CATAGAGGAGATACTA-1,30.165503829146463,
CATAGCCGCCCGGGAT-1,41.29821157013146,
CATAGCGTTGCCCACC-1,30.97043202182413,
CATAGTCAAATACATA-1,32.762324499374095,
CATATACTACTGATAA-1,57.97499709559892,
CATATGTCAGGCTACG-1,33.303716237536655,
CATATTATTTGCCCTA-1,57.33842454983783,
CATCAACACCTACTAA-1,40.441777130044535,
CATCATCTACCCGGAC-1,53.42535723584426,
CATCATTACCCTGAGG-1,35.32249807142283,
CATCCGCAGGCCCGAA-1,46.57886204665384,
CATCCTCTCAAAGATC-1,32.77085247244835,
CATCGCCCGCGGCCAA-1,46.897471701605085,
CATCGTCCGGTTACTA-1,52.46868148497891,
CATCTATCCCGTGTCT-1,59.64881623208717,
CATCTGCAGGATCATT-1,51.06686707741752,
CATCTTACACCACCTC-1,50.24215397629089,
CATGAACCGACATTTG-1,57.4245100953697,
CATGAACCTCTTATCA-1,59.50501958820024,
CATGACTTCGCTGAAT-1,53.38447989045698,
CATGAGATGCACTCTC-1,30.645764976240653,
CATGATGCACAATTCT-1,35.40961266362002,
CATGATGGAAGTTAGC-1,45.93620239925615,
CATGCATGGAGACCCT-1,57.49690297832875,
CATGCCAACTCGCAAA-1,34.631069915619655,
CATGCGACCAGTTTAA-1,50.45211988151968,
CATGCGTTGAGAGGAG-1,28.809651427521203,
CATGCTGGCTCCAATT-1,55.27832933517991,
CATGGATTGTCTTCCG-1,34.0135832212624,
CATGGCTCCCTATGTC-1,51.03159089511713,
CATGGGTATGCCTTAT-1,31.894965273229868,
CATGGTATTAGTTTGT-1,30.458460067513627,
CATGTAAGAGACATTT-1,33.04430413731353,
CATGTCTCATTTATGG-1,32.32817868200619,
CATTATAACAGGGTCC-1,54.29608666760668,
CATTATCCCATTAACG-1,28.438038984116965,
CATTCACTGACAGCTA-1,57.47684702390533,
CATTCCCTAAGTACAA-1,48.25612294394113,
CATTGCGAAATGGGCG-1,53.82261624526288,
CATTGTGTGCTAGATC-1,44.04498208578618,
CATTTATCGTTCAAGA-1,60.04770273552265,
CATTTCTAGCAGACTA-1,53.05196471169549,
CCAAAGCAGTTGGTTG-1,46.19142972878219,
CCAAAGTCCCGCTAAC-1,48.09914972066981,
CCAAGTTTCTACAGAT-1,41.755288939494086,
CCAATAGATTTCATCT-1,48.48387921222743,
CCAATTACGGGTCGAG-1,54.435272194423575,
CCACAGCTGAAATCAT-1,55.73908251733132,
CCACAGTACCCATCCT-1,34.34506229435075,
CCACATGGCTCTTTAT-1,28.495414126033246,
CCACCAACTTTACTGT-1,32.19017026389677,
CCACGAATTTAACCTC-1,42.77476180245805,
CCACGGAGCCATAAGA-1,32.4778570515073,
CCACGGTGCCCGGTAG-1,55.398529867304966,
CCACTCAGATCCGCAA-1,31.70600791528001,
CCACTGTTTGGATTAA-1,51.04019346182393,
CCAGAAAGCAACTCAT-1,30.72620442289406,
CCAGAGACAAAGCCGG-1,46.63750037671343,
CCAGCTACGCCTCATA-1,55.93894537158026,
CCAGCTCGAACGCATT-1,29.474642646639836,
CCAGCTTCCGCCCGCA-1,47.20987132077655,
CCAGTCAAATCTCTTA-1,36.21264110765184,
CCAGTCCATTATTCGA-1,54.29233299953506,
CCAGTCTTGTCATAGA-1,28.793344758479623,
CCATAACCTGTGCAGT-1,29.160392446169464,
CCATACCTTTACTTGT-1,57.14902245013592,
CCATACTCGCCTCTCC-1,45.19568262266989,
CCATAGTCAGTAACCC-1,47.052723561752174,
CCATATGGAAACTATA-1,34.695019327975864,
CCATATTGGATCATGA-1,43.298872015961706,
CCATCCATACCAAGTC-1,54.29819844130471,
CCATCTCACCAGTGAA-1,43.0247053175961,
CCATCTTGTTCACAAT-1,55.54261684396566,
CCATGCCCTAGATTTC-1,32.43934953167681,
CCATGGCCCTTGTACC-1,34.51510559171256,
CCATGTTCATCTATAT-1,29.829017095955123,
CCATTTCTACCTATTA-1,30.90350578189095,
CCCAACCACACTAACA-1,53.31199794166245,
CCCAAGACAGAGTATG-1,58.11781551873207,
CCCAATGAGATTTGCA-1,29.449302339058374,
CCCACTCCACGGTATC-1,30.763276773712604,
CCCAGAGGAGGGCGTA-1,59.70184993929893,
CCCAGGAAGAATTCGA-1,30.389814874247413,
CCCAGGTCTGAAGGCT-1,39.54998142901711,
CCCGAAGTTTCGCGAA-1,35.91179367251128,
CCCGACCATAGTCCGC-1,38.24348069198425,
CCCGAGTTTCTCCGTA-1,45.25493591340405,
CCCGCAGGGCCCAAAG-1,57.25399602999895,
CCCGCGCAATGCACCC-1,48.988508553487634,
CCCGCTTGCCCTCGTC-1,50.908840203808005,
CCCGGGTCGTTCAGGG-1,29.31411388274346,
CCCGGTGGAAGAACCT-1,50.81927516994015,
CCCGGTGTATCGGAAT-1,32.51842897421625,
CCCGTAGCTGGGAAGA-1,29.743462711520458,
CCCGTGAGGGCGGTGA-1,31.79190658391209,
CCCGTTTCGCAGATGT-1,41.70114798037169,
CCCTACTTGAACAATG-1,29.75263399396199,
CCCTAGGCAACAAGAG-1,29.987565990050573,
CCCTAGTGTCAGGTGT-1,47.42147481106792,
CCCTATGTAGAGCAGA-1,29.136022313598207,
CCCTCAAGCTCTTAGT-1,45.828258979357024,
CCCTCATTCTGGAATT-1,48.59748342426246,
CCCTCCTCGCTCGTAT-1,37.600019152199785,
CCCTCGATAATACACA-1,29.018787252586137,
CCCTCGGGAGCCTTGT-1,59.00126752759122,
CCCTGACTAACAAATT-1,48.3500586860644,
CCCTGATGTAACTCGT-1,45.22180556462354,
CCCTGCCCAATCCGCT-1,40.77229027468016,
CCCTGCGCTACGCATA-1,33.38734455949724,
CCCTGGCTGTTCCTTC-1,34.83858836934492,
CCCTGGTATGGGCGGC-1,58.19647794615717,
CCCTGTTGGCAAAGAC-1,43.54750518927125,
CCGAAAGTGGTGAGCA-1,51.63796838083448,
CCGAACACTGGGCCTC-1,33.93408415189452,
CCGAAGTATATTGTTC-1,46.13213567714484,
CCGACAAACACATGAG-1,44.78595186488821,
CCGACAAAGGGAGTGC-1,36.5879639004468,
CCGACGGGCATGAGGT-1,29.39853657397861,
CCGACGTAAACACAAC-1,59.58413658208519,
CCGACTCGCATAGTCT-1,58.45792203968657,
CCGAGAAGTCGCATAA-1,43.39075225126333,
CCGAGGGATGTTAGGC-1,55.62615843248966,
CCGATCTCAACCTTAT-1,55.20521791392717,
CCGCACGTGACCTCGG-1,37.23553028609511,
CCGCATGTGGTACGAT-1,29.84989174060264,
CCGCCACCACAATCCA-1,56.02899385811938,
CCGCCGGAACTTCTCG-1,31.265780524869943,
CCGCCGGTCAACACAC-1,47.58604240897375,
CCGCCTGCGAATTGGT-1,57.91525391409738,
CCGCCTTGCGATGTCG-1,35.819961636335094,
CCGCGATTTGGTAGGT-1,47.67134029865131,
CCGCGGGTACGAAGAA-1,33.69047866289145,
CCGCGTAGGTAAGGGC-1,38.903947712176254,
CCGCTCCAGGGCGATC-1,30.39714954963668,
CCGCTCTTCCGAACTA-1,32.40151103024445,
CCGCTGGTGCCATTCA-1,57.92686503212312,
CCGCTTCGCGGTTAAC-1,51.183126914348456,
CCGCTTGCTGACATGG-1,59.18751269460421,
CCGGAGCGTACTTTCT-1,30.051713208853297,
CCGGCACGACCGTTTC-1,47.44221795198661,
CCGGCGCATATTGGAT-1,46.09640416550357,
CCGGCGTGAGACTCTG-1,32.81218860834221,
CCGGTAATGGCTAGTC-1,45.45485781053587,
CCGGTTTGTAATTGTG-1,30.95832115292461,
CCGTACCCAAGCGCCA-1,53.31678638443109,
CCGTAGGAAATCCCTG-1,32.87270381949639,
CCGTAGGGTTGTTTAC-1,40.42046672071404,
CCGTATCTCGTCGTAG-1,30.667989112588163,
CCGTGCCCATGACGGC-1,51.46242757468666,
CCGTGGAACGATCCAA-1,61.34139241380374,
CCGTGTTAAATTCCAT-1,36.72349297340513,
CCTAACCCAAACAAGT-1,33.62081848645192,
CCTACATTCACAGACG-1,31.374424623140484,
CCTACGGCTCAGTCGA-1,48.04775241223976,
CCTAGTTAGTCGCATG-1,50.75903937673839,
CCTATAATGAGTGCCC-1,30.53563814855149,
CCTATACCGTCCTGTC-1,30.99626689947357,
CCTATATCGTGTCACG-1,29.1810463196861,
CCTATATTTGTCCTGG-1,29.95318498480718,
CCTATGAAGTGGTGCC-1,47.986283482147215,
CCTATGGCTCCTAGTG-1,30.512407238969885,
CCTATGTCCACTCCAC-1,31.73820865547965,
CCTCAACGATCGCTGT-1,31.130703835946143,
CCTCACCTGAGGGAGC-1,56.22475150331439,
CCTCATGCAGCTACGA-1,54.211966902514405,
CCTCCCGACAATCCCT-1,54.12397038412718,
CCTCCGACAATTCAAG-1,33.23847674955666,
CCTCCTGAGCCCACAT-1,44.98101654868163,
CCTCCTGTTGTGTCGT-1,33.44466978550605,
CCTCGAAGTGGACGGG-1,56.83526464894189,
CCTCGACCCACTGCCT-1,58.34982917882954,
CCTCGCCAGCAAATTA-1,40.67979662515474,
CCTCGCGCGATATAGG-1,50.78632380188689,
CCTCGCGCTGTGCGAT-1,30.10106549488128,
CCTCGGATGCTACCTG-1,53.71013845595768,
CCTCGGTTTCCTTGCC-1,29.647386339989406,
CCTCTACAAGGATTGG-1,29.279618343686643,
CCTCTATCGATTAGCA-1,30.86483933286246,
CCTGACAAACTCGCGC-1,45.02876104821876,
CCTGAGAATAAATGCA-1,31.000955558006392,
CCTGCCCGTTGTCTAG-1,49.84290319744978,
CCTGCGATAGAACTGT-1,47.46483901660866,
CCTGCGTTCTACGCTT-1,53.61413281538551,
CCTGGAAACGTTCTGC-1,43.664755522299,
CCTGGTCGAATGTGGG-1,30.574940655231085,
CCTGTCCCTCACGTTA-1,48.24526011550991,
CCTGTGAAACCGTAAC-1,37.190460510320506,
CCTGTTCAACCTCGGG-1,29.07484785025965,
CCTGTTTGAAGACACG-1,32.398393381473475,
CCTTCAGTTAAAGTGA-1,29.5461439120898,
CCTTCTCAGCGTTCCT-1,35.47362817069125,
CCTTCTTGATCCAGTG-1,35.46783867662257,
CCTTGACCACTTTATT-1,38.93705182266636,
CCTTGTGAACGTGGTT-1,28.8613103532207,
CCTTTAAGGGAGCACT-1,30.505972479854908,
CCTTTGAATTATGGCT-1,31.1925350265279,
CGAAACATAGATGGCA-1,56.3949660094538,
CGAACAGTATGGGCGT-1,36.8548919467646,
CGAACGCCCAGTGCCG-1,55.448988226870725,
CGAACGGCCGGACAAC-1,33.88284578317964,
CGAAGACGGTGAGTGC-1,40.69771435114146,
CGAAGATCAGTTTCAT-1,29.612341894510365,
CGAAGCTATAAATTCA-1,58.89730503569002,
CGAAGTTGCTCTGTGT-1,34.702540162019496,
CGAATCTGCTCGACGC-1,29.660674785027968,
CGAATGAAGTCATTGC-1,33.164698544308685,
CGAATGACGCATAATG-1,28.971700938878577,
CGACAATTTGATCTAA-1,52.41648876567152,
CGACACGCTCCGACAG-1,39.412615992014565,
CGACATGCGATCTTCT-1,48.32247702908065,
CGACCCTTAACGCCGG-1,31.639802972214547,
CGACCTACTAGACAAT-1,33.74599361550729,
CGACTTTGTATAGCCT-1,49.01471476242798,
CGAGAGCGCGTAGATA-1,32.218261878940545,
CGAGAGGGTAGCCGCG-1,36.25052690014678,
CGAGCACTTCAAGTTT-1,44.33408870333777,
CGAGCGTTGATCAGCC-1,57.22178218890922,
CGAGGCCAGGCATTGG-1,50.74012417148741,
CGAGGGTATCCAGGTG-1,29.57652227983447,
CGAGTGAAGGTACCAG-1,30.639036300881457,
CGAGTGCTATAGTTCG-1,55.31244070808285,
CGATATTAGCCGCAGG-1,56.795746740901656,
CGATCCACCATTGTTG-1,29.225237370229447,
CGATCGAGAAGCACCA-1,30.615685173337592,
CGATCTGTTGGAGGAC-1,33.03912229342646,
CGATGGACCCTACGCC-1,49.08653885798797,
CGATGTTGTTATCTAC-1,29.86171339555486,
CGATTAAATATCTCCT-1,30.29301721744877,
CGATTCGCCTGGCTGC-1,30.06832803455741,
CGCAAACACGAGTTAC-1,36.81308193470053,
CGCAATCGATCATTAG-1,50.42415326658927,
CGCAATTCTACAATAA-1,38.77960595929388,
CGCACGTCTGTTTATG-1,29.140747958876467,
CGCACGTGCGCTATCA-1,55.379661262179006,
CGCAGAAACATTTGCG-1,50.05094469385586,
CGCAGGCGATCCAAAC-1,35.793549813629184,
CGCATCATGGCTTCAG-1,58.856860719779625,
CGCATGCCGAATGCGT-1,31.088899022709786,
CGCCAAGAAGCCGAGT-1,42.83415756383168,
CGCCCAGCACGCCTAG-1,29.74337561924293,
CGCCCTTGAAGGCTGA-1,47.0104426910867,
CGCCGACTATTCGCTA-1,45.03698248041429,
CGCCGCGTTCTGAACG-1,29.12798168426581,
CGCCGTTCAGCATAGT-1,39.20289769625542,
CGCGAAGTGGCATACT-1,34.72229592068141,
CGCGACACTGCGCAGC-1,52.47964195111845,
CGCGACCGCGACAGAT-1,31.290629556448994,
CGCGAGTCTGCCGGGT-1,30.3814551424815,
CGCGCAAATGTCCAGA-1,29.75883252258236,
CGCGCAAGGAACTACA-1,53.42990601827731,
CGCGCCCGACTTAATA-1,37.27773322749747,
CGCGGCAGTATTACGG-1,48.1854214674257,
CGCGGCTCAACTTGAA-1,51.73667514385312,
CGCGGGAATTCCTTTC-1,31.036120150316076,
CGCGGTCACAAACCAA-1,51.51391368795603,
CGCGTCATATTAAACC-1,53.050371392021376,
CGCTACCGCCCTATGA-1,56.56022599470835,
CGCTAGAGACCGCTGC-1,55.31179288500665,
CGCTATACCGCCCACT-1,55.970972883169225,
CGCTATTCAATGTATG-1,50.191044888962224,
CGCTGAGGACGTCCAA-1,57.16741831894989,
CGCTGGTGACTACCCT-1,39.40245715917326,
CGCTGTGTGGATGTTG-1,30.103965696591423,
CGCTTAGTATTGATAC-1,28.90625744744829,
CGCTTTCCGCCAAGGT-1,31.37984227363245,
CGGAAAGAATCAAACG-1,31.023627438118307,
CGGAAAGCAAATGTGC-1,43.72935473194634,
CGGAAATTTCACATCC-1,59.04058206321958,
CGGACCTTTACGTCCC-1,30.477099290410564,
CGGACGTTACTTGAAG-1,34.23782950378256,
CGGAGCAATTTAATCG-1,32.6863959889583,
CGGAGCTTATAACACC-1,57.86615226323914,
CGGAGTTTGAGAGACA-1,37.03235631805508,
CGGATAAGCGGACATG-1,52.06792065058643,
CGGATCCTCAAGGACT-1,30.98305726785458,
CGGCAAACATCGTGCG-1,32.49120590795489,
CGGCAATAAGATCGCC-1,35.81190487734053,
CGGCACCGTTAGCGCC-1,58.95005913488448,
CGGCACTCAAGAAAGT-1,52.18040535446784,
CGGCCCAACCTGTAGT-1,50.81959289656669,
CGGCCCAGGTATATCC-1,43.90664055303039,
CGGCGCCATCAATCCC-1,31.738768706485917,
CGGCTCTAAAGCTGCA-1,44.12674824975217,
CGGCTCTTCGTCGAAC-1,60.64871381895769,
CGGCTGCAAGATTAAG-1,57.129051953392086,
CGGCTTTGTATGATAA-1,52.62215015467,
CGGGAATATAGTATAC-1,41.99834185721347,
CGGGAGCTTCAGTGTA-1,34.6947223905112,
CGGGAGTATACCGCCG-1,49.4824814367906,
CGGGCCATAGCCGCAC-1,50.91937376546986,
CGGGCGATGGATCACG-1,30.87052995899459,
CGGTACGGCAAACCCA-1,29.68876653322614,
CGGTCCGTCGCAAGCC-1,29.23675815965171,
CGGTGGGCTCCAGCCT-1,58.86249764538223,
CGGTGTACTTGATCCC-1,51.64262263614463,
CGGTTCAAGTAGGTGT-1,47.42831194870355,
CGGTTCCGGCTTCTTG-1,57.02912080535474,
CGGTTGAGTATCCTTC-1,29.780224277475533,
CGGTTGGGCAGGGTCC-1,31.487534367234822,
CGTAAACGCTTGAGTG-1,54.30411880440554,
CGTAATAATTACGAGT-1,43.80123074909271,
CGTACCGAAAGTCTAG-1,42.23690219927999,
CGTAGCGAATTGTCAG-1,46.16489960107818,
CGTAGCGCCGACGTTG-1,56.07873339712607,
CGTCAAGGCTATAAAT-1,48.25448837428789,
CGTCAATCTTTAACAT-1,46.6663315993027,
CGTCAGCTATTTACTC-1,41.48104060283106,
CGTCAGTGCGCACAAG-1,55.14829165597555,
CGTCAGTTTATCGTCT-1,58.53913909059935,
CGTCATACCATATCCA-1,51.71045504338517,
CGTCGCATGTGAGCCA-1,30.40013687072623,
CGTCGCGGCGGGATTT-1,42.46706006915413,
CGTCGCTTGGTTATAC-1,31.608066392667528,
CGTCGGGTCTAAGCGC-1,31.035999599721908,
CGTCGTCCTTCGCGAA-1,31.87468765358804,
CGTGACCAGTCCTCTG-1,29.12855876796766,
CGTGCCCGACATTTGT-1,57.85785418519178,
CGTGCTGGCCTAGTCG-1,44.068122926036935,
CGTGCTTCTACCTAAA-1,46.219386841031614,
CGTGGCCGAATATCTA-1,46.669235676253855,
CGTGTCTCGTTACGAC-1,31.25310854522525,
CGTTAAACTAGTTAGG-1,43.64837193629391,
CGTTAATGTCCCGACG-1,31.57214371378546,
CGTTAGCTCACAACTG-1,58.00230404167304,
CGTTATCATACTTCCA-1,32.34247482623743,
CGTTCAAGGAAACGGA-1,29.670736570252664,
CGTTCAGACCCGCGAA-1,29.17950057868624,
CGTTCATGGTGCGCGT-1,34.597168700489576,
CGTTGAATACCGCGCT-1,30.55577153007613,
CGTTGCCCGCGTGGGA-1,30.060529862149764,
CGTTGTAAACGTCAGG-1,47.28505219102513,
CGTTGTAAGATTGATT-1,59.17613081884095,
CGTTGTCGGCAATTGA-1,30.02703161664133,
CGTTTAAGCGGAGCAC-1,54.79783467112359,
CGTTTCACTTCGGGCG-1,58.56643009167786,
CGTTTGTGTAGAGGGT-1,31.33462712357548,
CTAAACGGGTGTAATC-1,57.26324426350321,
CTAAATCCGGTGTACA-1,30.330280564432027,
CTAACTGATAATCGCC-1,36.02831188798415,
CTAACTGGTCCGGTTC-1,33.23299335196206,
CTAATTCGCACGCGCT-1,35.91443423786148,
CTAATTCTCAGATATT-1,58.64628031350962,
CTACAAGAAATAACCC-1,30.56642445773832,
CTACACTAGCTTGTTC-1,55.69066297137909,
CTACACTCGCAGATGG-1,35.657248548393056,
CTACGAACTAGGTCGA-1,54.550933581425234,
CTACGCCATTTCCGAT-1,54.5369750689096,
CTACGTGTTGCCACCA-1,47.6429129150348,
CTACTATCATAGGTTT-1,30.52887491340227,
CTACTCAAGGTATAGT-1,29.960190148539123,
CTACTCTAGGCCCGGC-1,35.05418926435833,
CTAGATAAACTCCTCG-1,49.46653307294858,
CTAGATGTGAGTGTAA-1,57.42940826138352,
CTAGCCGATGTTATGA-1,56.99103308781061,
CTAGGCGCCCTATCAG-1,32.77960078819616,
CTAGGCGGCAGAGAAT-1,48.96930764787361,
CTAGGGATAGGGACAA-1,28.473445292497,
CTAGGTCTGAAGGAAT-1,54.858229431116726,
CTAGGTTCGGACGTGA-1,30.70957102392469,
CTAGTAGAAAGGGATT-1,30.109199749566574,
CTAGTTACAACCCGGT-1,31.631896081212886,
CTATAAGAGCCAATCG-1,56.55661074657444,
CTATAGGCGTTGATGT-1,36.52312135125003,
CTATATCCAGCCTGGC-1,28.522827645328974,
CTATCACAACGCTGGA-1,30.019115416302267,
CTATCGACGAAATACA-1,33.54331787034336,
CTATGCCCGAATGCAA-1,28.921074935521755,
CTATGGGAAGCGGAAT-1,39.4130544607589,
CTATGTCTATTGAAAC-1,57.35413715025037,
CTATGTGAGTCACGGC-1,35.65333073289212,
CTATTGTGTTTGGTCA-1,50.41415306108613,
CTATTTGCTTGGAGGA-1,32.48581970132121,
CTCAACTAACCCGGAT-1,30.348279477311145,
CTCAAGACATTAGCGC-1,50.166265175370974,
CTCACATTTACTAAAT-1,30.37030977776424,
CTCACCAGTACAAGTG-1,39.44149982053883,
CTCACTGTGATACTTA-1,30.24160891478142,
CTCAGAGCTAATGTCG-1,34.05827053962647,
CTCAGATTGTGATAAG-1,34.422660990757734,
CTCAGGACTCACCTGT-1,45.78335425288191,
CTCAGTCACGACAAAT-1,43.64320659126112,
CTCATGGCTCACAATC-1,51.8633853069054,
CTCATGGTAATTTGCG-1,32.54858622949847,
CTCATTCGTGAACATC-1,47.29321431788584,
CTCATTGCTCTAACAA-1,30.477114625474467,
CTCCCTCCTTTCGATC-1,31.398836224081133,
CTCCGGCTTGTAGACA-1,51.13436071173645,
CTCCTAAGTTATGTCT-1,52.52125194905657,
CTCCTCCAGCTCACAC-1,29.40664882202508,
CTCCTTTACGCAAGTC-1,62.75390722474684,
CTCGAGACATACGATA-1,28.12694411809964,
CTCGAGATCCAAAGCA-1,42.65749434283719,
CTCGATATTTGCGAGC-1,59.22453310564463,
CTCGCATTGCATAGCC-1,28.770320813919188,
CTCGCCGAATGTAGGG-1,30.522489970640144,
CTCGGGTTCTCTGGCC-1,36.52396477297496,
CTCGGTTGTCGGCCCT-1,29.68209306172248,
CTCGTCGAGGGCTCAT-1,30.438665266208137,
CTCGTCTGTGCCTTCG-1,29.84066759151361,
CTCGTTACGGCTACCA-1,29.379617780576105,
CTCGTTTCTAATGTTT-1,59.41395660613171,
CTCTAATGCATTGATC-1,61.5569146084704,
CTCTACACTGGCGATT-1,35.09524580299015,
CTCTACATCCTGCGTG-1,30.06729733505697,
CTCTAGCCCTCGGAAA-1,31.129961094071184,
CTCTCGATGTGCGCCT-1,57.72759906034645,
CTCTCGCTGTACTATG-1,48.80649733939004,
CTCTGTGCCTGCTATG-1,51.85071694703763,
CTCTGTTTGAGGATTC-1,51.52880792051866,
CTCTTCTATTGACTGG-1,42.80512003208657,
CTCTTCTGGAAGTTAG-1,36.08327060017911,
CTCTTGTCCCGCTTGG-1,32.08649504557985,
CTGAAAGAGATCCGAC-1,35.67868133428145,
CTGAATTTATTGCCAG-1,61.45687625701456,
CTGACTGCGCAGCTCG-1,57.885187774804734,
CTGAGCAAGTAACAAG-1,52.11177436217677,
CTGATAGTGTATCTCA-1,47.76638879800971,
CTGCACAACTACATAT-1,33.588976411627215,
CTGCACTCCAGTACAG-1,31.219390160349803,
CTGCAGAGAATCAGAG-1,34.20632372064495,
CTGCCAAGGTTGGAAG-1,44.19189646260266,
CTGCCCACGAAGCGTT-1,49.594916749123726,
CTGCCTAGCCACCAAG-1,58.25549429426288,
CTGCCTTTAATACCTT-1,30.31873439848476,
CTGCGACCTCGCCGAA-1,29.394720220385963,
CTGCGATTTCGAGATT-1,30.69277657330177,
CTGCGGGTGAAATGTT-1,34.6646171401728,
CTGCGGTAGTCACGTG-1,60.06693937866036,
CTGCGTTACGATATAA-1,57.707161257296725,
CTGCTGAGGCCACGAA-1,33.41266439118577,
CTGCTTGGCGATAGCT-1,32.63408526434788,
CTGGAAGACACGGTGG-1,33.06036806015696,
CTGGACGCAGTCCGGC-1,31.323001611411375,
CTGGCATCCGAATGAG-1,31.823241296711963,
CTGGCGGGAATAAGTA-1,50.87022678871457,
CTGGCTCCTGCGGGAT-1,52.59022414305915,
CTGGCTGATTCATCCT-1,50.84237374407141,
CTGGCTGCTAACGTAA-1,52.28029714505571,
CTGGCTGGTTGTCAGT-1,31.966337211825685,
CTGGGATCGCCCAGAT-1,49.079932439585846,
CTGGGTTGAGTTAAAG-1,31.12458649813489,
CTGGTAACACATAGAA-1,37.57997207974061,
CTGGTCATTCCAATCC-1,53.292049720757085,
CTGGTCCTAACTTGGC-1,56.412956881863664,
CTGGTGAATGGGCCTA-1,31.000835427670747,
CTGGTTCAACGCATCA-1,55.59267491683333,
CTGGTTTCGAGCAAGA-1,40.33926244964013,
CTGTAGCCATCTCACT-1,30.42690461304231,
CTGTGGTCGGGAGATA-1,32.091055805824176,
CTGTTGGCTCTTCTGA-1,46.265813222362766,
CTGTTGTTCAGTCGTA-1,31.25528516994203,
CTTAAATAAGACCCAT-1,52.835105240414805,
CTTAACTTCGAAGTAC-1,50.27645110675672,
CTTAAGCAGCGAGCCG-1,29.22837482031115,
CTTACATAGATTTCTT-1,31.220891442294647,
CTTAGATGTTTCATCC-1,30.214832240698478,
CTTAGCCCGGATAGTG-1,54.68381556135059,
CTTAGGTATAGACCAG-1,30.382399410183087,
CTTAGTAGGCCTACAG-1,57.18909396764191,
CTTAGTGTAGTAGCAT-1,31.26096552928318,
CTTAGTTGAGGAATCG-1,30.010583598307257,
CTTATGCGCTCAGGGC-1,35.36414727663631,
CTTATGTTGACTACCA-1,52.3961527626921,
CTTCAACTCCACTTGG-1,31.85906823641781,
CTTCAGTGGTCGCCTA-1,34.74906191912866,
CTTCATAGCTCAAGAA-1,47.88189673273435,
CTTCCGCTCCGTGAAG-1,30.781031578049976,
CTTCGATTGCGCAAGC-1,33.00311297172222,
CTTCGGCCAATTGTTT-1,43.240192366379965,
CTTCTATGTTGAAGTA-1,35.00453567734179,
CTTCTGGGCGTACCTA-1,31.640219132557213,
CTTCTTACGTCGTATA-1,52.85089010045101,
CTTGACCCGAAAGATA-1,54.65778111515029,
CTTGAGGTTATCCCGA-1,55.56441649773689,
CTTGAGTTAGGGTAAT-1,42.6072657302253,
CTTGGCCAAGCTGGGA-1,29.819769049344803,
CTTGTCAACATTCGAG-1,33.44072132040981,
CTTGTGAGTCTTTGAC-1,55.20983819856201,
CTTGTTTATGTAGCCA-1,54.946541120908144,
CTTTAATATTGGTCGA-1,32.88891338352887,
CTTTACCGAATAGTAG-1,32.572806824670195,
CTTTAGGAACACTGTT-1,44.99405794376698,
CTTTCTGTGCGGGCTT-1,31.24521332883385,
CTTTGACGTCGCTTCT-1,36.82501140590886,
CTTTGCATCGCTCTTG-1,32.75854770300488,
CTTTGGGATTGTTGCA-1,29.91511065673784,
CTTTGTCGAATGCTCC-1,29.92572128750169,
GAAACAGATGACCACC-1,40.78628201460213,
GAAACAGCCATGCAGT-1,52.147462901147776,
GAAACATAGGAAACAG-1,28.86246287145259,
GAAACCATGGTGCGCT-1,57.729127157042285,
GAAACCTATACAAATG-1,29.09225718660476,
GAAACTCGTGCGATGC-1,36.51298880023522,
GAAACTCTAATGAAGG-1,53.237618928526096,
GAAAGAACAGCGTTAT-1,55.261861866204185,
GAAAGCAGTGCACTTT-1,29.509547148814896,
GAAATACCTGCTGGCT-1,59.1223958813621,
GAAATACTAAACGTTT-1,51.2777372233017,
GAAATATCACCATCAG-1,34.17060916799501,
GAAATCGCGCGCAACT-1,37.18377970208384,
GAAATCTGACCAAGTT-1,43.10040374304901,
GAAATGGGATGTAAAC-1,47.22047434086847,
GAAATTAGCACGGATA-1,56.58925015359184,
GAACAGATTACTAAAT-1,30.01150075085281,
GAACCATCTGGGAGAC-1,56.89894130313189,
GAACCCTCTGTGTTCT-1,30.543055287571093,
GAACCTCGACCTACAC-1,38.16817852844631,
GAACCTTTAACGATCC-1,29.06635986254895,
GAACGTTAGGAAGACG-1,48.311191091033,
GAAGAAACGATATTGT-1,29.79746214166716,
GAAGAACGGTGCAGGT-1,57.15095159783706,
GAAGACTTCAATGCCG-1,57.88047635320757,
GAAGCCACTGATTATG-1,30.29145377019083,
GAAGCCGGGTAAGCTC-1,49.88925166163757,
GAAGCCTGCACATTCC-1,30.28790709320273,
GAAGCTCGGACCCGTC-1,30.39063271143695,
GAAGCTTGCTGACCGC-1,37.86552516617622,
GAAGGAGTCGAGTGCG-1,29.121244449643477,
GAAGGGTCATTAAGAC-1,30.78124804093383,
GAATAGACGCGACCCA-1,43.68048555459865,
GAATAGTGCTCGATTA-1,29.80641702216044,
GAATATTCGGAGTCCC-1,50.100339140047,
GAATCGCCGGACACGG-1,52.337792685798426,
GAATGCCGAAATGACC-1,50.84285182992462,
GAATGCGAATCGGTTC-1,30.462097792753728,
GAATGGGCTTATCGAC-1,37.666945703519445,
GAATGTATGGCAGGTC-1,59.23557521566374,
GAATTTCTCGCTGCAG-1,38.58777589851811,
GACAAACATATGCAGG-1,55.82842334706074,
GACACGAGTTAGAGGA-1,53.032279171507255,
GACACTGGAACCCGAT-1,41.848730527880576,
GACAGATTTCTGGCTC-1,35.48704677571678,
GACAGCCAGACCTGAC-1,39.76733317691388,
GACATACTGTCGCAGA-1,43.06604636700553,
GACATCCGTCGAACTG-1,30.5346345970047,
GACCACACTTCCCTTT-1,29.3108707033976,
GACCAGGTCATTCATA-1,54.5575678571855,
GACCCAATTATGATAC-1,30.724202860727367,
GACCCGTCGCCGGCTA-1,54.55336759337689,
GACCGACGTGAAAGCA-1,46.08417369589961,
GACCGCGTCTGACGTG-1,55.5196877156292,
GACCGTCAGGTCGTGA-1,47.063217563889424,
GACCGTTACATGCGAC-1,37.65680094789055,
GACCTTCCACGTCTAC-1,30.001206813025387,
GACGACGATCCGCGTT-1,34.93596358924895,
GACGAGGCTAATAAAC-1,35.15571297081968,
GACGCCGTAAAGGCTA-1,31.588446860375655,
GACGCCTGTTGCAGGG-1,52.89558305600715,
GACGGACCGCGTTCCT-1,57.76142996307707,
GACGGGTTGGCCCGTA-1,29.847263379147616,
GACGGTCAATAGAAGC-1,52.02699213188038,
GACGTGAGACTCCATG-1,56.42779102625922,
GACGTGTAGGGATTAT-1,45.47666077328504,
GACTAACACAGCACCT-1,58.32599883041127,
GACTACAAAGCGGTGG-1,31.451933559304116,
GACTACAATTGCTCGT-1,58.63496090044429,
GACTAGGCCGTTAGGT-1,31.57709325249545,
GACTCACCCACGTGAG-1,52.17478372485799,
GACTCCCAGAATAAGG-1,54.55220751960912,
GACTCCTTCCAATTGA-1,28.676949066257865,
GACTCTAGAGTTCCAA-1,31.008085155905874,
GACTGCAAATCGAGCT-1,31.00494972120737,
GACTGCACCAGCCCAG-1,34.986984388812644,
GACTGCGGCACGTGTA-1,55.597973150556726,
GAGAATCTCACGATCA-1,45.43003503081502,
GAGACTTCGCGACCGA-1,33.49308920132173,
GAGAGCGCAGTCCCTG-1,51.02051991119484,
GAGAGTCTCGGGAGAG-1,30.238773172990328,
GAGATGGCTTTAATCA-1,30.29208911892284,
GAGATGGGAGTCGACA-1,32.30265010128925,
GAGCACCTGTGTCCAG-1,31.179006053615936,
GAGCATCAACAACTTG-1,30.188495968383123,
GAGCATCATCCCTGGG-1,57.74484148389736,
GAGCCACGGTAGTAGG-1,53.38589665290407,
GAGCCAGCTACCTGTG-1,31.36984989422634,
GAGCGAGGGAGTACCG-1,48.01130019639022,
GAGCGCAAATACTCCG-1,40.36360048833177,
GAGCGCGCACGAGTAG-1,33.07771092776798,
GAGCGCTGTTAGGTAA-1,30.96842952111793,
GAGCTCAACATGAGCG-1,30.398939105976517,
GAGCTCTCGGACCTAA-1,55.48185686954273,
GAGCTGTCGTCTCGGA-1,57.46380950197043,
GAGGAATATCTCTTTG-1,29.087137809383076,
GAGGAATGGAGAGGTT-1,37.06417409517691,
GAGGAGATCCTCATGC-1,43.76946209017932,
GAGGAGTAATTCCTAC-1,57.56330930656277,
GAGGATAAACAGTGCT-1,43.9580360624264,
GAGGCCCGACTCCGCA-1,30.13923527724421,
GAGGCTATCAAAGTCG-1,32.34081628960192,
GAGGGCATCGCGTATC-1,55.85964768010172,
GAGGTACATCCATCTT-1,50.56415180154983,
GAGGTCCCAAAGATCT-1,51.41998525744356,
GAGTAAGGCCACGGGA-1,31.328320078972077,
GAGTACGGGTATACAA-1,49.583049533847344,
GAGTAGATACTAGTTG-1,30.24807940532069,
GAGTATACCCTAATCA-1,28.70947330642512,
GAGTATGCGCGTGCAT-1,30.77786946525265,
GAGTCAGACCAGAATC-1,30.69074517743801,
GAGTCGACAGACCCTC-1,48.793867523550496,
GAGTCTTGTAAAGGAC-1,31.36160462203644,
GAGTGTCAACCAGAAA-1,29.924425298722834,
GAGTGTGCGGTACCCA-1,39.06469642896982,
GAGTTGATGGCAATTT-1,30.78450489237269,
GATAAATCGGTGGATG-1,56.68805531946857,
GATAAGGCAGATGCAA-1,55.23218106367557,
GATAGAACCCGCTAGG-1,29.90779715357664,
GATATCAAGCAGGAGC-1,29.71673154174176,
GATATCTCATGCAATA-1,58.08440977379943,
GATATGCGGTAGCCAA-1,54.61142290179435,
GATATGGATTACGCGG-1,50.96339762180138,
GATATTGAGATTGGCG-1,57.15325620576217,
GATATTTCCTACATGG-1,53.42700779431904,
GATCAACATAAAGGGA-1,31.353114747509263,
GATCCTCGACACTGGC-1,33.692926509899976,
GATCCTCTTGCGCTTA-1,60.432741356801,
GATCGCTACCCGATTT-1,36.47856075292995,
GATCGCTATATCTCAG-1,31.30021757871389,
GATCGGATAGAACCAT-1,45.49516447125512,
GATCGGCGATAAGTCG-1,47.4399867234178,
GATCTAACCGTATTCA-1,29.478050419032552,
GATCTGCTATCTAAGG-1,29.45163184017715,
GATCTTCATTGTCCTC-1,43.70678876343447,
GATGACAAGTAGGGCA-1,29.480796620515648,
GATGCCAGCAGAAGGC-1,54.02060124904903,
GATGCCTTCTGCGGCA-1,28.926681548935907,
GATGCGAATGGTATTA-1,57.431008291681984,
GATGCTACCTTCGATG-1,29.58228027099748,
GATGGCGCACACATTA-1,47.57911552658997,
GATGGTGCCCTAGGCA-1,57.955871625804,
GATGTAACGAACCACC-1,30.144269861944995,
GATGTCCGGATCACAT-1,54.60882347057151,
GATGTCGGTCAACTGC-1,58.78006522012023,
GATGTGTTGTCACAAG-1,59.0260043152405,
GATTAACCGAAAGCCC-1,31.789685120935676,
GATTAATCCTGGCTCA-1,49.854964327759006,
GATTCCTATACGGCGC-1,43.46884866225872,
GATTCTGTTAATGAGT-1,30.55865654140308,
GATTGACACTCTGCTC-1,57.30246321554463,
GATTGCTCCAGTTGCA-1,32.64678951615069,
GCAAACCCTACATTAT-1,33.27657496000776,
GCAAACCTTGGCCATA-1,29.586610945680867,
GCAAAGGGCGTTAGCC-1,31.1628366460316,
GCAAATGAGGACACTT-1,32.96746008564261,
GCAACACACTAGAACT-1,34.53143123557222,
GCAACAGCAGTATGCG-1,42.0369275217032,
GCAACCACCAGACCGG-1,58.86347879819203,
GCAACCCAAGTTGTTT-1,44.471956724324905,
GCAACGGCTAGTTATG-1,48.76803742669199,
GCAAGCTGGAAACCGC-1,29.45515214825203,
GCACAAACCCTAGATG-1,28.265593970472292,
GCACAACCTCGGGCGT-1,28.285963317682604,
GCACAAGTGGATCATA-1,41.26591441899125,
GCACAAGTGTCGGAAG-1,48.7573078253283,
GCACACACTGGTAGCC-1,32.55284891477574,
GCACACAGCTATTACC-1,29.522820523394227,
GCACACGCCCATGGTC-1,50.906959236971176,
GCACAGCACGGGCCGA-1,28.40397859590436,
GCACGCCGATTCCCGC-1,30.46873971631318,
GCACGCCTACTTAGAT-1,29.89860076251037,
GCACTAGTCGCGCTAT-1,54.64844568729978,
GCACTGCCTACCTTTA-1,28.87333348058545,
GCACTGTGCAAATGTA-1,58.46718052091724,
GCAGACCCAGCACGTA-1,54.48357890382,
GCAGATCCATAAGACT-1,30.681116822168423,
GCAGATCCTCGCAAAT-1,53.59040020620562,
GCAGCCTATATCACAT-1,47.24537417507869,
GCAGCGGTGGGCATTA-1,56.03049067011148,
GCAGCTGTCAACGCAT-1,31.144924322123885,
GCAGGTAGAGTATGGT-1,55.71683859942499,
GCAGTGTGGCTATAGG-1,31.610727105356755,
GCATACGAGGTCTTTA-1,41.35792843704967,
GCATCGGCCGTGTAGG-1,53.13408961558624,
GCATGCTAATAACGAT-1,31.98156464608869,
GCATGGGTACTGACGC-1,33.53586706707997,
GCATTCAAGGCAACGC-1,58.10452755426216,
GCATTCGAAATGAACA-1,53.95515816964759,
GCATTGACTTGCGGAA-1,29.46826398670406,
GCATTTCCAAGGCTCC-1,45.96938584672953,
GCCAACCATTTCCGGA-1,59.110746212759246,
GCCAAGAATACTTCTG-1,33.899825366035884,
GCCAATAGGGCATCTC-1,55.94648514574649,
GCCACTCAGAGCGCGA-1,31.688260627648077,
GCCAGGAAAGAACACT-1,28.53938513034762,
GCCAGGCGTTCGCATG-1,58.34940292026332,
GCCATCGAGCTGCGTG-1,32.96630067838265,
GCCATCGATGCTGCAT-1,47.36775380782403,
GCCATTAGCCTCAAAC-1,29.44977425204285,
GCCCACCAAGGCTGTC-1,52.3044516934518,
GCCCGACTTCTTCCCG-1,34.9642840225998,
GCCCGAGAGTCTAAAT-1,29.906618868617844,
GCCCGATCTGTGGTCG-1,31.586023527075078,
GCCGGAAACACATCTT-1,58.15241862467288,
GCCGGTCGTATCTCTC-1,29.93504195812736,
GCCGTCGGTTTCGGGC-1,30.022473727415832,
GCCGTGGAAGAAATGT-1,43.56864702475106,
GCCTACGTTCTGTGCA-1,31.04055668275901,
GCCTATTTGCTACACA-1,54.36331867896467,
GCCTCATCTGGAAATA-1,47.35380105719172,
GCCTCCGACAATTCAC-1,33.14641647584273,
GCCTCTATACATAGCA-1,31.05081304388847,
GCCTGTCCCGGTGCAT-1,29.241713887475296,
GCCTTGTATATGCAGT-1,45.09606128482157,
GCGAAACGATCGGGAG-1,34.550080939666024,
GCGACATGTAAACATC-1,51.98923284740816,
GCGACCCAACCATCTG-1,30.376775712046346,
GCGACGGTAGTCTCCT-1,30.10455725976272,
GCGAGAAACGGGAGTT-1,42.94387241236981,
GCGAGAGTTGCGTCCA-1,57.063548435070246,
GCGAGCGCATGCTCCC-1,48.33993720788696,
GCGATGTCTGTGCTTG-1,43.50715174678096,
GCGATTCTGGAAGCAG-1,59.29493699696027,
GCGCAAATATATTCAA-1,29.121476036216755,
GCGCAAGAGCGCGCTG-1,53.79203312456102,
GCGCCTCCCACTCCGA-1,45.65278008503647,
GCGCGATGGGTCAAGT-1,49.93294066956101,
GCGCGTCATTGGTACA-1,31.67975270379172,
GCGCTTAAATAATTGG-1,32.43414379226331,
GCGGACCGCGTTGTGG-1,33.440699312074464,
GCGGAGAAACTTCGCA-1,30.142788533735917,
GCGGCTTTAGCAAGTT-1,30.56772844496462,
GCGGGCGAGCCTTACC-1,30.782232812144468,
GCGGTAACCCAAATGA-1,54.016560226127766,
GCGGTCCCTAGACGCA-1,55.19353757885405,
GCGGTCTTGCTTTCAC-1,31.27264932117776,
GCGGTGAACTGCGCTC-1,46.91738053627021,
GCGGTGCGGAGCATCG-1,44.18878216923081,
GCGTAAATGGCCATAA-1,55.69265397528525,
GCGTCCAGCTCGTGGC-1,46.90909317590051,
GCGTCCCTAAGACATA-1,30.285554931845045,
GCGTCGTAACATGGTC-1,33.03554066505834,
GCGTGTATGTCGTATT-1,59.35376462505529,
GCGTTATATTTGGAAC-1,55.54954433150672,
GCGTTCGGAGACCGGG-1,57.88495541473383,
GCTAAACCTGAGGTGA-1,49.84500187471093,
GCTAACTGAAGTCTGA-1,30.967510368534292,
GCTAAGTAAAGGCGAT-1,54.50639531460089,
GCTACAGTACGGACCG-1,44.83656556988148,
GCTACTATAGTAGAGT-1,35.48998253829927,
GCTAGACCGTCTACTG-1,49.791047165811655,
GCTAGAGTAGAGATGT-1,34.37531959804963,
GCTAGCAGGGAGTGGG-1,59.2020666338696,
GCTAGCGATAGGTCTT-1,29.604862714271896,
GCTAGCTTGAATAGCT-1,32.83289723106623,
GCTAGGCACCACGGAG-1,31.616937558208956,
GCTATACGTCTCGGAC-1,31.976933043697095,
GCTATCATACTCATGG-1,31.540645176012877,
GCTATCGCGGCGCAAC-1,47.70697630339,
GCTATGCCAGCTTATG-1,31.636196828682817,
GCTCAACCTCTTAGAG-1,39.45437642497923,
GCTCAATCCGTTTATT-1,30.686336191199047,
GCTCAATGTAATACCG-1,29.60754780516901,
GCTCATTACTGCATGT-1,58.67522278054277,
GCTCATTGATCATATC-1,32.35915898861058,
GCTCCCAGTCGGTCCA-1,49.414049180168114,
GCTCCGCTCGCTTCAG-1,43.00247851152808,
GCTCCTGACATACTGG-1,29.658831786074995,
GCTCGCGGTTCCGCTC-1,53.658906355414985,
GCTCGCTCATGTCCAA-1,55.17980758252617,
GCTCTTTCCGCTAGTG-1,29.17427753904309,
GCTGAGCAACGGTTCT-1,44.79177536589953,
GCTGCGCCTCCCACGT-1,47.64731910406366,
GCTGCTAAGTAGTCGA-1,31.0405854582007,
GCTGCTACTGCGTAGC-1,32.814453427274906,
GCTGGCAGGTGCCGTG-1,51.24208763773982,
GCTGGCATATTCACCT-1,36.81605810096282,
GCTGGCGGCGCATGCT-1,31.952705262315774,
GCTGGTTTAGGCCATA-1,29.96259895963393,
GCTGTTGCTACCGAAC-1,43.95769855544734,
GCTTACGTAGTTAGTA-1,48.63740452534454,
GCTTCCAGCTTAGATT-1,45.99400488112257,
GGAAACCTTGTTGAAT-1,58.03416562973885,
GGAAACTAAATGGGCC-1,38.219728841083146,
GGAAAGGGAATTGAGC-1,30.697500765478264,
GGAACCCGAACAAGAA-1,45.80806043725049,
GGAACCTTGACTCTGC-1,29.670362091531604,
GGAACGGCCTGCAGCC-1,54.42848658308487,
GGAAGCTCGCTTACAG-1,59.87643483796733,
GGAAGGACACCGTATA-1,30.46107188613267,
GGAATAACCTCAAGAA-1,55.49243034134744,
GGACAAGTTGCAGTGA-1,49.42722533194914,
GGACACAAGTTTACAC-1,48.86795278750364,
GGACCAACAGGATAAC-1,33.71569074218875,
GGACCTCTAGGCCGCC-1,30.321529090847392,
GGACTAAGTCAGGAGT-1,51.78626145971917,
GGACTCTTTGACTAAG-1,30.25095291788855,
GGAGACCATCTACATA-1,32.0586744322319,
GGAGCAACATTTCAAG-1,35.06356019373389,
GGAGGATTGAAAGGAG-1,56.38327829602424,
GGATACTCATGAATTG-1,54.85416905556488,
GGATCAAAGGACGAGG-1,57.69099093755099,
GGATCAGAGCCATCAG-1,34.039041538410515,
GGATCATCCCGTACGC-1,57.629974018110175,
GGATCTTGACTCAACC-1,30.4020533365288,
GGATGAAGATCGCTGA-1,45.32523343397138,
GGATTAAGCTAAGGTC-1,59.49072394189511,
GGATTAATCATGGACC-1,30.390132707059813,
GGATTCAGTACGGTGG-1,53.66002387830835,
GGATTGCTGTGACTCC-1,30.66601848938162,
GGCAAAGGCGCCAATA-1,30.73137730898543,
GGCAAGCCCATAGTGG-1,29.82547586399684,
GGCAGAGAGATCGGGA-1,36.60341248482381,
GGCAGCAAACCTATGC-1,37.48680799983497,
GGCAGCGGTAATCCTA-1,56.68326333600636,
GGCATACAGGTAGCGG-1,33.239228561810826,
GGCATCAACGAGCACG-1,57.69781325568311,
GGCATTGAACATCTCA-1,31.47660073958732,
GGCCACAAGCGATGGC-1,57.04153862325278,
GGCCACACGAAAGCCT-1,47.66478602407984,
GGCCCAGCTGGTTTGC-1,30.725864571098864,
GGCCGGCGTCTGCTAT-1,30.49649066697481,
GGCCGTTTGGGTTTCA-1,31.655861980837564,
GGCCTGCTCTGATGTT-1,30.29160385192013,
GGCCTTTGCAACTGGC-1,48.712107964510906,
GGCGAAATCTAACTTG-1,35.94083839221728,
GGCGAGCGAAACGGCA-1,30.46461205571804,
GGCGCGGAGATCTTTC-1,31.18516511345793,
GGCGCTCCTCATCAAT-1,50.09385616220983,
GGCGGTTTGCCGGTGC-1,40.34655014310784,
GGCGTACCCTATATAA-1,58.43148561138162,
GGCGTAGGGAAAGCTG-1,30.894667339558563,
GGCGTCCTATCCGCTG-1,34.13150765525902,
GGCTAAAGGGCGGGTC-1,59.64222885606246,
GGCTACTATACACTCC-1,28.984512842857317,
GGCTCCTCCACCTGTT-1,30.692763969989706,
GGCTGAAATAGCAAAG-1,33.58965099617984,
GGCTGGCTAGCTTAAA-1,53.23969968779103,
GGCTTGGCTCTCACCT-1,51.43736635090635,
GGCTTTCAATAAGGGT-1,30.59961593107257,
GGGAAGACGGTCTGTC-1,30.466154359572997,
GGGAAGGGCTTTCTCA-1,30.725529835123755,
GGGAATGAGCCCTCAC-1,51.3825879559854,
GGGAATTCTGTCCAGT-1,47.03402810600486,
GGGACAGAGTTACTCC-1,29.912582929496534,
GGGACCCGTATATCTT-1,30.53869037371336,
GGGAGCGACCGTAGTG-1,32.35222657868312,
GGGAGTAATGGCTGGC-1,54.89187014460464,
GGGATACGGTAATAAT-1,46.94407959633696,
GGGATTTACCGCACCT-1,39.19470055461606,
GGGCACGAATTGGCCG-1,44.8082868583245,
GGGCACGTAGTACTGT-1,30.40572273855993,
GGGCAGACGTCACTGC-1,30.106322985629863,
GGGCAGAGCAATCGTT-1,30.209467321730287,
GGGCAGTCAACGCCAA-1,29.7407654152736,
GGGCATGCATGTCGAG-1,29.763915470292645,
GGGCCCTACGAAAGGG-1,40.94354699315662,
GGGCCCTTATCTATAC-1,43.884995925388274,
GGGCCTAAATGGGCTA-1,36.51238628891986,
GGGCGAATTTCTCCAC-1,41.54942169995872,
GGGCGGTCCTATTGTC-1,52.56448460807731,
GGGCGTGGTTTCCCAG-1,31.644232670831897,
GGGCGTTTACATTCAT-1,29.908961107686554,
GGGCTACTATTTCGTG-1,31.3475804458679,
GGGCTATGATCGATGG-1,30.602550489808305,
GGGTAATGCTGTGTTT-1,48.57996477195343,
GGGTACCCACGGTCCT-1,50.27764365037648,
GGGTATGTATGCACTT-1,37.50126049410032,
GGGTATTCTAGCAAAC-1,30.21386108637573,
GGGTCAGGAGCTAGAT-1,29.528470918018417,
GGGTCATGCGTACCAT-1,49.79858458380178,
GGGTCGTGGCAAGTGT-1,60.69629639487775,
GGGTGCATATGAAAGC-1,54.68903138519202,
GGGTGGTCCAGCCTGT-1,54.83559009183772,
GGGTGTTTCAGCTATG-1,53.59071938163575,
GGGTTAACATTTGAGT-1,32.365680972095,
GGGTTCAGACGAACAA-1,53.55642505005191,
GGGTTTAGGATAGGAT-1,44.16858713614216,
GGTAAATGTGCGTTAC-1,60.18151560840924,
GGTAACCGGGAGGATA-1,29.167531213294584,
GGTAACTATGTATCTG-1,57.34789884319215,
GGTACCATTAAGACGG-1,57.603835124252015,
GGTAGAAGACCGCCTG-1,31.790361583913324,
GGTAGACCGTTGGGCG-1,33.0531204261088,
GGTAGGCCAATATCAC-1,30.161021950698096,
GGTATAGTGACACATA-1,43.36185842388681,
GGTATGAAAGAACTGA-1,39.9238658013972,
GGTCAAGACTACTTCG-1,40.120992895068106,
GGTCACGTTAGATTCA-1,55.72873284941395,
GGTCCTTCATACGACT-1,45.62313719441726,
GGTCGGATAAACGGCG-1,54.69831268121631,
GGTCGGTAATTAGACA-1,56.7079467398944,
GGTCGGTCGTCCACAG-1,30.74873389444382,
GGTCGTAAGCTCGCAC-1,33.006440749000944,
GGTCTCCGTCCAGGTT-1,35.008057051692305,
GGTCTCTGAATGGACT-1,31.06345356375889,
GGTCTTGAGCGCTCTT-1,30.269332382875024,
GGTGAAACCGGGAATG-1,55.63800566924896,
GGTGAACGGGCTAGCC-1,56.62631348230196,
GGTGATGAAGGAAGTG-1,43.74488660399146,
GGTGATTTCATCTTGT-1,54.42756078872465,
GGTGCGGATAAGTGGC-1,49.20749274823773,
GGTGCTGATCACAAAG-1,39.62650193293384,
GGTGGACTGCTCTGGC-1,31.352752415045064,
GGTTAGCTATATGTCT-1,35.77841774418615,
GGTTAGGCTTGGAGAA-1,39.12705410321619,
GGTTAGTTACGGCGCC-1,38.83880888470772,
GGTTCGGATTATACTA-1,40.32697973223947,
GGTTCTACTCGTCTGA-1,56.65882821353356,
GGTTGTATCGTGAAAT-1,58.359360738722046,
GGTTGTGCTCTTGTCC-1,51.36442891216514,
GGTTGTGTAGCCTGGC-1,55.34075746272643,
GGTTTAATTACCATCG-1,29.57683416129364,
GGTTTAGCCTTTCTTG-1,44.70208778865963,
GGTTTGAGTGCTGGAA-1,58.52335407163528,
GTAACTTGCGGCAGTC-1,54.550985283343664,
GTAAGGATTTGTCGGA-1,53.79568866130329,
GTAAGTAGGGTATACC-1,37.60564928079616,
GTAATAAAGGGCTCCC-1,55.86003600239381,
GTACGACGGCGCTGCG-1,51.48548249485933,
GTACTCCCTTATCGCT-1,35.77661205544352,
GTACTCCTGGGTATGC-1,56.78086884287868,
GTACTGAGGTCGTAAC-1,55.688754539188125,
GTACTGCATGAAGCGT-1,53.553353827443296,
GTACTTGGGCACTTCT-1,57.75002491049298,
GTAGAAACGGGTGGAG-1,52.942393116381325,
GTAGACAACCGATGAA-1,53.55808394255488,
GTAGACACGCCTGACT-1,31.20278260957375,
GTAGACGTCGTTACAT-1,56.23946417476206,
GTAGAGGGAGACAAGT-1,31.48878782940053,
GTAGCCAAACATGGGA-1,34.3363326599615,
GTAGCGCTGTTGTAGT-1,56.07922158483457,
GTAGTCGCGGGAATCA-1,33.50444470013247,
GTAGTCTACGATATTG-1,30.512837076869005,
GTATAATCTCCCGGAT-1,42.03710943822317,
GTATCAAACGTTAGCT-1,33.76388060528516,
GTATCAAGGTACTTCC-1,31.568055413278906,
GTATCAGCTTGGGTTC-1,49.95675201443748,
GTATGAAATTTCACTC-1,30.48706963797284,
GTATGACGTGGGAAAC-1,55.83060388537419,
GTATTAAGGCGTCTAA-1,54.02705390352208,
GTATTCTTACCGTGCT-1,49.630278641370346,
GTCAAAGTTTACATAG-1,51.01528526296837,
GTCAATTGTACTGAAG-1,55.75408375949236,
GTCACAAAGTTTCCAA-1,54.46503279507586,
GTCAGAATAGTCTATG-1,36.48195939877382,
GTCAGTTGTGCTCGTT-1,56.34609511125765,
GTCAGTTTGGTAGTCG-1,54.75272280498026,
GTCATCTCCTACAGCT-1,42.76336498021295,
GTCATGCGCGAGGGCT-1,32.06425251500061,
GTCCAATATTTAGCCT-1,29.312609983564496,
GTCCAGGCACGTGTGC-1,28.92392573627145,
GTCCATTACTGCTACG-1,43.52183401433699,
GTCCCAATCATCCCGC-1,32.43683075778963,
GTCCCGCGACGTTATG-1,31.941213898236708,
GTCCGAGAGCAATCAT-1,50.07612480886554,
GTCCGGACCTGAAATT-1,31.304263788804253,
GTCCTACAGGCGGCTC-1,48.71259472665083,
GTCCTACGAATAGTCT-1,35.158073937951656,
GTCCTACTCTACGGGC-1,29.999264216712724,
GTCCTATTGTTGTGGT-1,49.514399346544856,
GTCCTTCTACAACCCA-1,47.25956809088845,
GTCCTTCTAGTGGGTT-1,59.52647860624714,
GTCGCCGTTGTGTGTT-1,31.293680149228425,
GTCGGATATCTCAGAC-1,36.45732931816302,
GTCGGGAACATGGTAG-1,35.508082080780554,
GTCGGGAAGCAGAAAC-1,30.874328293038168,
GTCGTACCTACGATTG-1,49.9187662534016,
GTCGTATTGGCGTACA-1,58.29651837204551,
GTCGTCAATTATAAGG-1,57.31426049652876,
GTCGTGTCTGGTCATC-1,63.103337172684334,
GTCTACTCAATTACAA-1,42.81749279072747,
GTCTAGTGAGCCGCTT-1,31.487594951855545,
GTCTATACACGCATGG-1,31.0607853110468,
GTCTATTGGTTCCGGT-1,32.87666145950812,
GTCTCAAGGCCCGGCT-1,29.70844309689703,
GTCTCCGCCTCAATAC-1,28.887422044691725,
GTCTCCTGCCAGTATG-1,29.734274307998533,
GTCTCGACTAAGTTTG-1,52.06183615682451,
GTCTGCCGACTCGACG-1,31.587053404575084,
GTCTGTAGGTTGAACA-1,30.741947932868385,
GTCTTAGTACAGCCGG-1,52.55553603777885,
GTCTTCCTCACCTAAG-1,45.46847423978263,
GTCTTGTAGCTATTCA-1,51.387135457199406,
GTGAAACGTGCTCCAC-1,55.844043960100365,
GTGAACTCCCATTCGA-1,56.976394148887856,
GTGAAGCCGTATAGTC-1,59.85413011889298,
GTGACAGCTTCCCACT-1,29.742526325894048,
GTGACGAGGGTGACCC-1,47.538068130931954,
GTGACGCAGGTTTCAT-1,30.51079350838894,
GTGAGCGTGCTGCACT-1,33.93554253199906,
GTGAGGAGCGGTTGAG-1,60.467241562059606,
GTGAGTCTAAGACGGA-1,52.52771137429829,
GTGATCAAGCGTGCAC-1,29.59382113569573,
GTGATCACTAACGCCT-1,38.8636556200882,
GTGATCCTTGTCATGA-1,30.61318374245873,
GTGATGCACAACATCT-1,59.95027173718655,
GTGCACCAGCTTCAAC-1,28.68761432363634,
GTGCACGAAAGTGACT-1,43.88432240149691,
GTGCCTAGCTATGCTT-1,42.580901203523126,
GTGCCTCAGTGTACGG-1,59.89994308215172,
GTGCCTGAGACCAAAC-1,31.00365775460665,
GTGCGACAGGGAGTGT-1,55.295879756483465,
GTGCGCAGCTTGCTCC-1,48.61939138466934,
GTGCGGGACCATCGGC-1,55.11563749345396,
GTGCTGCAGATAAGGA-1,45.02597681999299,
GTGGACGCATTTGTCC-1,29.09729813535061,
GTGGAGCGTTTACCGA-1,31.22572949514176,
GTGGAGTCGGCGGTTG-1,31.225438642269697,
GTGGCAAACAGCGGCA-1,31.277199252379063,
GTGGCCTAATATCATT-1,38.24028158743722,
GTGGCTGTTTCTGTTC-1,32.98870390887363,
GTGGGAACAAACCGGG-1,29.16384160384525,
GTGGGAAGACTGAATC-1,33.35057513793199,
GTGGGTACTGAGCGTA-1,31.02577839008733,
GTGGTATAGTCTGCCG-1,30.960293496027617,
GTGGTCAGCGAAGTAT-1,57.75806503137824,
GTGGTTACTTCTTTCG-1,58.16332715967024,
GTGTATATCAGCGGGC-1,31.16736018176853,
GTGTATGACTTTAAAG-1,57.53249675950143,
GTGTCGTATAGCGTTC-1,32.73764590009517,
GTGTGTCGACGTCGCT-1,43.35097136243567,
GTTAAAGTAGGACTGG-1,33.53988396219425,
GTTAACATCACTTAAA-1,30.04997414345821,
GTTAACTATGTTGTCA-1,43.97814831779739,
GTTAAGGGTGCGATGT-1,34.58618899181662,
GTTAATGTCTATCTTA-1,55.41141793672941,
GTTACGAAATCCACGC-1,46.2931183824423,
GTTACGGCCCGACTGC-1,49.92165031618509,
GTTAGAGTGTGCCGCT-1,57.76557891167384,
GTTAGCCGTAAATCAA-1,58.2889863810537,
GTTATAATACGGTGAA-1,40.09654125799196,
GTTATCACCTTCTGAA-1,53.31322228957144,
GTTATTAACGTGGGAG-1,49.57407103146906,
GTTCAAATCAGATGTC-1,45.82592568492855,
GTTCACAGGAGTCTAG-1,34.36795413735167,
GTTCAGTCGCCAAATG-1,30.495517101661875,
GTTCATCGTTTGGCTG-1,57.10120334543573,
GTTCCGTCCGCCTGCA-1,29.1779052712983,
GTTCGACAATTGTATA-1,29.42173514131988,
GTTCGCTGAGACGTCT-1,37.80570964976022,
GTTCGGATCGGGAACA-1,49.319380509177066,
GTTCGGGCGTACCATT-1,53.44777118298927,
GTTCGTCTAAAGAACT-1,32.48351015687123,
GTTGAGTCCCGCCGGT-1,32.13839482585906,
GTTGGATTCAGTGGCT-1,59.32133675565827,
GTTGGTCATGCTATCC-1,31.468880638082204,
GTTGTAGATTTATGAG-1,30.75677978671048,
GTTTATGGGATTTAGA-1,48.033603471033295,
GTTTCTAGAGGCGCGG-1,34.23033425686375,
GTTTGGCCGCTCAGCG-1,53.235559498571725,
GTTTGGGCTTGTGAGC-1,33.27590419016845,
GTTTGTTAGCCAAGTA-1,32.948583124269526,
TAAACCCAGGAGGGCA-1,30.35843064991437,
TAAACGTCGTCAATGA-1,43.87316434570575,
TAAAGAGCCCGAAACC-1,55.297130604118514,
TAAAGCGGTATTTCCA-1,29.86479702972072,
TAAAGCTGCAATAGGG-1,57.05765561808518,
TAAAGTGCACGTCTCG-1,28.874935333491425,
TAAATGAATCCGTTTC-1,42.791088038608365,
TAAATTGTGGGTAAAG-1,31.38070930444438,
TAAATTTAGTAACACC-1,28.92329011680665,
TAACAATATTTGTTGC-1,54.83322257057159,
TAACAGGTTCCCTTAG-1,31.94655529203424,
TAACATACACGCGATC-1,29.114685839750518,
TAACCGCCCGCAGTGC-1,52.93080240909229,
TAACCTACCGTCCGAG-1,58.624087764908616,
TAACGCTTTGAGAGCG-1,38.99187901178116,
TAACTATTACGCCAAA-1,58.37686737455232,
TAACTCCATGGAGGCT-1,52.11662791533678,
TAAGAGGGACAGGGAC-1,33.180128448018515,
TAAGATTTAGCGGGAG-1,49.17816673289225,
TAAGCGCGAATCAAAT-1,28.87170515434257,
TAAGGAACTTGTGGGA-1,50.19087534953265,
TAAGGCATAACATCAA-1,29.98717820221718,
TAAGGCCCGTCACCCT-1,30.924262234059707,
TAAGGCTGAATCCCTC-1,43.53844007420142,
TAAGGGCCTGTCCGAT-1,32.97366197420667,
TAAGTCGCCGAGTATC-1,30.298804013224967,
TAAGTTGCGACGTAGG-1,34.86160247627391,
TAATAAACAAGGAGAT-1,58.52748365679604,
TAATACTAGAACAGAC-1,30.24890655429256,
TAATAGGTCACCAGAA-1,30.925538818116067,
TAATATTGAAATTCGC-1,47.40061030070413,
TAATGAAAGACCCTTG-1,48.80908376556323,
TAATTACGTCAGTAGA-1,38.3283586118663,
TAATTAGATGGATATG-1,56.27082818850177,
TAATTAGGACATCCGT-1,45.82093203614406,
TAATTGGAATCGGGAA-1,55.20672253711769,
TAATTTCCGTCCAGTA-1,40.41909594106799,
TACAAGCTGTTCACTG-1,57.67168345100843,
TACAAGGGCTTCTTTA-1,31.295628737278303,
TACAAGTCTCGTGCAT-1,34.388825129131526,
TACACAGCCGTGGTGC-1,31.189770793209675,
TACACCTCTTCGAATC-1,33.40872809192727,
TACAGAAACGGTGGGC-1,32.875708224499775,
TACATCCCTATCCCTG-1,34.127729064024535,
TACATCTTGTTTCTTG-1,45.549079117153816,
TACATGACCTTATCCG-1,47.27742876738085,
TACCAAATAGCCCAGA-1,29.6280307090469,
TACCAATAAAGTACCA-1,30.6410764018688,
TACCAGCTAGGTTTAA-1,55.52783018007948,
TACCAGGAATCCCGTC-1,28.6261260787816,
TACCGAATAATTGTAA-1,31.4323571555606,
TACCGTAGGTTAACTA-1,30.769749421357567,
TACCGTGCCTCGGACC-1,34.03870240767269,
TACCTACTCCCAGTAT-1,29.595640432637744,
TACCTATCCCTAGAGG-1,37.00903677438275,
TACCTCAGTTGTCTGT-1,30.051887812038387,
TACCTCCACACCAATG-1,28.758507206916452,
TACCTGCTGCACTGTG-1,37.73704263578305,
TACCTTAAGATTTCCC-1,32.096843315183506,
TACGCCGAGGGTACCC-1,31.052612087226397,
TACGCCTCCATTCCGA-1,30.17508912582899,
TACGCTATAGAAACCT-1,54.69681295911869,
TACGCTCCTAGAACTG-1,28.42738316782102,
TACGCTGCTGTGTTAA-1,30.4586491294344,
TACGGGTAATAACATA-1,32.253390140072874,
TACGTACTAGTGCTGA-1,29.57617034726805,
TACGTGGGCCCAGGGC-1,29.708351178052823,
TACTACGTGCAATGCG-1,30.092425844381086,
TACTATGGTTCCTCAG-1,30.550094285624773,
TACTCGGCACGCCGGG-1,45.255519689366416,
TACTCGTTTGAATCAA-1,31.763724659396157,
TACTCTTTCGTCTTCA-1,31.3044013594294,
TACTGAACAGATTTAG-1,30.73807084661253,
TACTGAGGGAAGAAAG-1,30.47029982340016,
TACTGGACAGCTCGGC-1,33.09069425058274,
TACTTTCCGCACGCCA-1,35.50713908611334,
TAGAAACCACTAAGTA-1,58.73992561665855,
TAGAAATTCACGTATA-1,50.91670376980388,
TAGAATAGCCGATGAA-1,33.87762329585059,
TAGAATTAAGGGCAAC-1,57.23496591730941,
TAGACGAAACGCCAAT-1,30.478612088910424,
TAGACTACCTAGCGTT-1,55.62581314239745,
TAGAGGGAGTTTATCT-1,31.58678976884689,
TAGAGGTTCTACTTGT-1,34.57687183664599,
TAGATCCGAAGTCGCA-1,57.670139130709096,
TAGATGGTTCCTTACT-1,34.31909143390405,
TAGATTCCTGGTTATT-1,37.40263325040818,
TAGCAACCTGTCACAA-1,46.98587353723696,
TAGCAGTATGACTAAA-1,32.71671228420618,
TAGCCATTTCAAAGTC-1,38.71203334788175,
TAGCGTCCCTCGATTG-1,46.56281976891414,
TAGCGTCCGGTGTGGT-1,32.818292634898995,
TAGCGTCGAATATTGA-1,40.85585482775336,
TAGCTAGTGATGATGG-1,30.760798766985086,
TAGCTGATGTGAAGCG-1,36.835040972045206,
TAGGCGATGAGGTCTC-1,30.22988690343149,
TAGGCTAAAGTGGCAC-1,33.11433142479732,
TAGGTCCAAGTAAGGA-1,35.63765743457657,
TAGGTCGCCGGAACTG-1,58.132457352436326,
TAGGTGACGATAACCT-1,29.91900975562938,
TAGGTGAGCCCTACTC-1,36.66652905275684,
TAGGTGTTCCACAGAT-1,31.578555824066594,
TAGGTTCTGCTGAGAA-1,29.733295777476364,
TAGTACCACAACTTTC-1,29.071759020447217,
TAGTACCTTAGTGGTC-1,50.6592478332939,
TAGTAGCTTATACCAG-1,30.16357959404193,
TAGTCCGTATGCATAA-1,43.63435832610765,
TAGTCGATCACGGGTT-1,38.48009529495899,
TAGTCTGCGGCACATT-1,28.77616263056535,
TAGTCTGTGACGTTGC-1,56.93872612018561,
TAGTGAGAAGTGGTTG-1,58.4714577897081,
TAGTGTCAGAAACGGC-1,51.12945471364612,
TAGTTAAGATAGGATA-1,57.56744530582233,
TAGTTTATTCTTGCTT-1,48.826145650799255,
TATACACGCAAAGTAT-1,48.93018949409667,
TATACGCGTCATCACT-1,31.231591889874373,
TATACTCATGCGGCAA-1,53.10784256957321,
TATAGAGTCGCTTGAA-1,42.6903202934752,
TATAGATGGTCGCAGT-1,49.9582733043092,
TATAGCGCACGTTATC-1,31.868642663771062,
TATATCAAAGTGATCT-1,29.658720688573943,
TATATCATTGATCAGT-1,51.13269465461661,
TATATCCCTGGGAGGA-1,47.64634895063063,
TATATGCTGGGTTGCC-1,50.48023813313453,
TATATTCGCGTCGATA-1,47.73464700504147,
TATCAAAGGTCTGTAA-1,47.85567827983312,
TATCACAGCACGGGCA-1,57.32932369632457,
TATCACCCAACCGACC-1,57.22227361216616,
TATCACTTCGAGTAAC-1,57.54024967901425,
TATCAGTGGCGTAGTC-1,29.910296756420102,
TATCCAATTGGTTATC-1,32.00633761816973,
TATCCATCTCGGTTAG-1,32.46100044179135,
TATCCGCACCGTCGGG-1,29.97777819817193,
TATCTACAGAGGTAAT-1,34.918204008575664,
TATCTAGCCTAAAGGA-1,53.82970908424413,
TATCTTGCAATACAAC-1,29.74028134913885,
TATGAAGACAGGTGCG-1,39.308234134829085,
TATGACCTTGCGCTGG-1,31.51987707968198,
TATGATAAATCTAACG-1,58.86755592471478,
TATGATCCGGCACGCC-1,54.662214533097966,
TATGATCTTCTCTTTA-1,34.154914646222544,
TATGATTCTGCTTGGT-1,51.88996233781342,
TATGGAGTTTCTCGTT-1,50.51817152983868,
TATGGCCCGGCCTCGC-1,35.870371100895554,
TATGGTTAGTGGGAGA-1,50.543863292523405,
TATGTCAAGACCGACT-1,46.22694197397156,
TATTAACACCAAAGCA-1,29.45850205435341,
TATTAACCTGACCGCG-1,29.638315316756717,
TATTATGTTTGCCTGC-1,30.225886261008604,
TATTCCGAGCTGTTAT-1,31.91707570418357,
TATTCCGGCAGTCCTA-1,56.27670723346567,
TATTCCTCCGCCCACT-1,32.825069723300224,
TCAAAGAGCTATCTGT-1,30.055310128579052,
TCAAATTTGAGACTCA-1,34.686870160434815,
TCAACAAAGATAATTC-1,28.877787307740217,
TCAACACATTGGGTAA-1,58.4466392422667,
TCAACATAGCGCCCTA-1,29.62711834588776,
TCAACATCGACCGAGA-1,34.6954358619237,
TCAACGCAGGAAATAA-1,31.74651458323428,
TCAACTAACGTATAAC-1,37.85837638126124,
TCAACTGCAGAGTCAG-1,44.58048137054867,
TCAAGAAATACTAGCT-1,56.25753683133797,
TCAAGGTTACTACACC-1,45.92564829474425,
TCAATACAATTGCTGC-1,45.8157797647641,
TCAATACGCCGTCATG-1,28.97257694357112,
TCACAAACCGAGGTAC-1,32.18335969231178,
TCACAGATCCTCAAAC-1,43.39030267960296,
TCACAGGAGAATAAGA-1,31.547187106666225,
TCACAGGGAATCGCAA-1,35.117872843456546,
TCACATCTTATCTGAT-1,41.38395059266593,
TCACGATGTCCGTGGA-1,30.357623518640192,
TCACTACGACCAATGC-1,58.60633904107445,
TCACTATCGTGCAATC-1,46.362246529696,
TCACTCGTGCAACGGC-1,59.00231008489833,
TCACTCTTCGTCTGTC-1,44.10681223465093,
TCAGAACCTCCACAGG-1,57.283114326483606,
TCAGAACGGCGGTAAT-1,29.894750682760662,
TCAGCAGTAGGCCCTG-1,68.82221320224224,
TCAGCGCACGCCGTTT-1,30.507884965000947,
TCAGGGCGACTTCCTT-1,46.73125126051488,
TCAGGGCGCAAACTCG-1,46.0045903617598,
TCAGGGTGCACGAAAC-1,54.91954859908742,
TCAGTACTGACCCGCG-1,37.57728969856719,
TCAGTGTATACGTCAT-1,29.929076963860705,
TCAGTTACGGAATGAT-1,58.91662349493328,
TCATACTTACAGATCC-1,45.5421956417503,
TCATATGAGCTTTGTT-1,29.16137718106449,
TCATCACTCGAGCTCG-1,53.83395266561519,
TCATCCCAGAGGGTGG-1,49.44231546042578,
TCATCCTCAGCTGCTT-1,32.45881313241196,
TCATCGACGACCGTCG-1,31.75934211992657,
TCATCGATGGTCCCAA-1,30.452869087914287,
TCATTTAAGTCTCCGA-1,55.44963476269287,
TCATTTAGAAGTGTGA-1,45.40708906491624,
TCCAACTCAGCTATCT-1,30.95284196749648,
TCCAATAAAGGCTACC-1,29.40640399804439,
TCCACAATGGTTTACG-1,37.52201454883511,
TCCACCTCTAGCCTTT-1,30.15763343516363,
TCCAGGCAGGACGATC-1,29.802002057065515,
TCCAGGGTATATACGA-1,30.74253288765011,
TCCATCAATACTAATC-1,29.8200211294821,
TCCATTAGTTGGATAG-1,49.14523323960407,
TCCATTGTGACCTCGT-1,57.65581017523287,
TCCCAAACAGACAACG-1,58.90161433625389,
TCCCACTCTCTTCCGG-1,59.1836172391148,
TCCCGGGTGTGCTGCT-1,33.5716537570366,
TCCCGGTCAGGAATTT-1,55.65004265166758,
TCCCTGGCGTATTAAC-1,29.694879956470334,
TCCCTGGCTCGCTGGA-1,33.5324583413423,
TCCGAATGGTCCTGAG-1,50.06661065258084,
TCCGACCGCTAATCAA-1,28.184929208522018,
TCCGAGAAGGCTAAGC-1,56.26046905500601,
TCCGATTACATTGCCG-1,34.40304556108801,
TCCGCAGCCACCTAGC-1,44.84214300862192,
TCCGCCTGTCTACAAG-1,30.414454112992477,
TCCGCGGCCCAATGAA-1,34.13153608615787,
TCCGCTGTCATCCCGG-1,35.17581672862305,
TCCGGGCTTGACGGGA-1,33.50678247688607,
TCCGTAACCACAATCC-1,52.02545623394782,
TCCGTTAAGCTAATAT-1,37.88417002203799,
TCCTAAAGATTCAGAC-1,31.870810779171727,
TCCTAAATTGGGAAGC-1,29.91348003204386,
TCCTAACCGTCGGGCA-1,29.222526920958614,
TCCTACATCCACGGCC-1,37.48584517836031,
TCCTCCTAAGACATTC-1,37.15401101346477,
TCCTCTACGAGATGGC-1,39.361325557073904,
TCCTCTCCAGTTGTCC-1,37.781824720819664,
TCCTCTGGCCCATTAG-1,59.66875431048444,
TCCTGCCAACTGGAGA-1,58.90790668847272,
TCCTTACGACGGTCCG-1,36.784592696122864,
TCCTTCAATCCCTACG-1,37.04781833610427,
TCCTTCAGTGGTCGAA-1,56.02145791525476,
TCCTTTAAATCCGCTT-1,32.666416333868,
TCGAAGAACCGAGCAC-1,44.44107622870569,
TCGAATATCCCGCAGG-1,29.81579469236806,
TCGACAACTGAACCCG-1,28.7483653370673,
TCGAGCCAGGCAGGCC-1,29.83841178229647,
TCGAGTCTACGATTCG-1,30.241050540609294,
TCGATAGGCTAGTCGC-1,55.52770297733876,
TCGCACCAGGAGGCAG-1,32.20227189850005,
TCGCATCCCTAAGTGT-1,58.31396156317167,
TCGCATTCAATGACTT-1,54.85566393815261,
TCGCCCACTGCGAGAG-1,41.09095010909818,
TCGCCGCACCGCGTGA-1,32.11278108216437,
TCGCCGGATGGGCAAG-1,46.51706963657039,
TCGCGTAGCAGTGTCC-1,55.87685429940057,
TCGCGTCCAGAAGGTC-1,35.478402566053255,
TCGCTACTGGCTTTGA-1,30.92545267849912,
TCGCTCGGCACCAGCG-1,61.80688318586608,
TCGCTGCCAATGCTGT-1,30.881824973781217,
TCGGAATGACCATCAA-1,57.87167784014896,
TCGGAATGCGCTCTGA-1,36.350409552368326,
TCGGAGAGTATCGGGA-1,33.90261937927227,
TCGGCGAACCCAAACC-1,41.472616095194994,
TCGGCGTACTGCACAA-1,32.96629290194568,
TCGGCTAACTTCCCTT-1,54.61369919769383,
TCGGCTTGTATCGACG-1,32.865983665350065,
TCGGGAACGTGCCTAG-1,55.60330909150601,
TCGGGAGACAGCGTAC-1,30.60260005147988,
TCGGGATTCAAACATA-1,40.308005359821856,
TCGGGCACTTCTGGAT-1,54.44319295337338,
TCGGGTGAAACTGCTA-1,56.58527687435745,
TCGGTCCCTGACTCCA-1,60.25192794146588,
TCGTATAGTGCAATTA-1,51.739598712676695,
TCGTATTTCGTCCGGA-1,60.08132735407236,
TCGTCAAGTACGCGCA-1,29.918103469529537,
TCGTCACACTGTTAGC-1,44.503665727064586,
TCGTCTTAGGCGTTAA-1,31.572832780879285,
TCGTGTCACGCTGACA-1,39.536829318973794,
TCGTGTTCGACCACAA-1,40.10439032434304,
TCGTTCGTTATTATGT-1,53.9384012887412,
TCGTTGACAGGGTCCC-1,47.53627998638776,
TCGTTGCTATCCGGTC-1,32.95562250394582,
TCGTTGGCTCGTCAAT-1,57.682022872490414,
TCTAAAGAACAGTCTC-1,30.768965954936384,
TCTAACTGTATGTAAA-1,55.0887676992396,
TCTAATACTGCCTCAG-1,30.22945461519596,
TCTACCCAATAGAGAG-1,36.599159624836574,
TCTAGCAATCTCCGCC-1,34.86666171090519,
TCTAGGTGGCGACGCT-1,48.10862554472389,
TCTAGTGATATCGTGG-1,52.6208696092187,
TCTATCCGATTGCACA-1,32.59349111453672,
TCTATGCTATAACGAC-1,33.145012872419535,
TCTATTACGCTGGCGA-1,56.534558084980624,
TCTATTACTAGAGGAT-1,38.506408376183934,
TCTCAAATCAATCGGG-1,32.12385057331616,
TCTCATGAGATAGGGT-1,31.720093847135907,
TCTCCACAAGTTGAAT-1,33.22379683172667,
TCTCCCTGGGCAGCGT-1,32.356583694797195,
TCTCGAACGAGGTCAC-1,59.75324756914223,
TCTCGACGTATCGCCG-1,45.31031453261548,
TCTCGGCTCCAGGACT-1,51.48103867430349,
TCTCGTGTTACGAGGA-1,32.04577870678229,
TCTGAACTCGTACCCG-1,37.16224305695848,
TCTGAAGCACGTGGTC-1,32.24604651090664,
TCTGATGTATTCTGTC-1,32.55980292544231,
TCTGCAGATTCGAGTC-1,45.42786082013429,
TCTGCATACCTTGCTT-1,36.115543561128575,
TCTGCGTCCGGTTTCT-1,51.63258309198109,
TCTGGCGCAAGCCGGG-1,48.1904944890797,
TCTGGGAACCTTTGAA-1,56.018330084171765,
TCTGTCATACAAGAGC-1,55.80822892044954,
TCTGTGGCTACATTTC-1,54.94473358123189,
TCTGTTACCCAGCATA-1,32.96083560877582,
TCTTAACTCGGATGTA-1,43.78835737078116,
TCTTACAGAGGTACCG-1,47.65178880396226,
TCTTACGGCATCCGAC-1,40.47818215014545,
TCTTACTTATGCCTCT-1,41.62305558460109,
TCTTAGAGCTCCAATT-1,49.06715894617382,
TCTTAGAGTGAACTCT-1,54.32347864983013,
TCTTCTATAACCCGCC-1,43.580584517478,
TCTTGCTCCCGATACT-1,30.363609630300704,
TCTTTAAGACTATGAA-1,51.15396425080032,
TCTTTCTCTTAAGGAG-1,60.8348073088249,
TGAAACTTATGCAAGC-1,57.97878851001778,
TGAACTGCTATGACTT-1,45.6425810829026,
TGAAGAGCGGTCCTAG-1,46.21349149264277,
TGAAGTAGCTTACGGA-1,43.06443016263442,
TGAATGAGTGTTTCCC-1,30.075756028507037,
TGAATGTCAGCCGGCC-1,46.18459455862139,
TGAATTTCACTTGCCT-1,34.31331759683609,
TGACACTTCTCTTTGC-1,59.65098379557814,
TGACAGGACAAGTCCA-1,28.52205316105109,
TGACATATATGACGAT-1,36.937794584568,
TGACATCGAGCGGACC-1,55.792637366827456,
TGACCAAATCTTAAAC-1,28.824530988670315,
TGACGAATATTTCCCT-1,33.54815669702614,
TGACTCCGAATCATAC-1,28.75904031578056,
TGAGACGTACCTCTCA-1,36.58734793598645,
TGAGAGATTTACCACG-1,41.07102305462843,
TGAGATCAAATACTCA-1,57.078723790282496,
TGAGATTAGGCCCTAA-1,58.57621039710944,
TGAGCAGTCGTGAAGT-1,56.64516368039947,
TGAGCGGAAAGTGTTC-1,30.16745485555078,
TGAGGAGTGCCAGCTT-1,30.54132291879709,
TGAGGCATGTACTGTG-1,28.767037453796146,
TGAGGTGTGTGGCGGA-1,31.52283155113106,
TGAGTTAAAGACATTC-1,51.306134112320336,
TGATACATTTAGCCGT-1,30.212330818498707,
TGATAGCGGGATTCTA-1,53.561123594224966,
TGATCCCAGCATTAGT-1,59.62179304312891,
TGATCTACGCTGATCT-1,59.04668972306765,
TGATGGCTGTTTCTGA-1,49.05722507161104,
TGATGTCAATTAAGTG-1,39.73802019281081,
TGATTCAGGTCCCGCG-1,33.5056262423098,
TGATTCCCGGTTACCT-1,29.053455155399263,
TGATTTCCTCCTGACG-1,48.25436883436019,
TGCAAAGTTCGTCTGT-1,29.86112512027677,
TGCAACCCATCTGCGG-1,30.894924838862824,
TGCAACTACTGGTTGA-1,30.858697430135624,
TGCAATCTAACACGGT-1,32.55762542057863,
TGCACGAGTCGGCAGC-1,52.68213698601142,
TGCACTATGTGAGTGC-1,42.35921774579045,
TGCAGATCGTCCTAGG-1,36.73983418010992,
TGCAGCTACGTACTTC-1,36.89014076230775,
TGCAGTTTCCTCCCAT-1,38.06358538673232,
TGCATGGATCGGATCT-1,35.31764127109682,
TGCATGTGACCCATAG-1,30.14889020157896,
TGCCAAAGTCAGACTT-1,34.77189193191941,
TGCCAATGGGTACTCT-1,31.549557156161374,
TGCCACACTAGAGGAA-1,31.49045609931449,
TGCCACCTGGCGAAAC-1,41.33542912879838,
TGCCAGTACGTGGAGA-1,33.06639433483809,
TGCCCGATAGTTAGAA-1,31.296906028697407,
TGCCGTGGATCGTCCT-1,29.553290756042948,
TGCCGTGGGACCCAAT-1,30.9409085928806,
TGCCTAATTGAAGATT-1,39.47895928789036,
TGCCTGACATCGGTCA-1,49.07866266013807,
TGCCTGATCAAACGAT-1,33.55250197628497,
TGCCTTGGCCAGGCAA-1,31.68586180450996,
TGCGAATATGGGATTT-1,34.96321400732975,
TGCGACGGCCGAACGT-1,30.504085670543752,
TGCGATGCTAATGGCT-1,45.43287059451984,
TGCGGAGTAAAGGTGC-1,35.89889294706568,
TGCGGCATAGTTCAAC-1,46.20378246566893,
TGCGGTGAAATTTCAT-1,51.53894770229246,
TGCGTCATGACTGAGC-1,30.993902922745335,
TGCGTGATTGGGTGTC-1,47.48187447494718,
TGCTAAGTGTCTATTT-1,33.94556845521693,
TGCTATACAAACGGAC-1,56.21560809110022,
TGCTCCACAGTTCTTA-1,42.68413421842032,
TGCTCGGCGAAACCCA-1,29.38249020651363,
TGCTCGGTGGGTCACC-1,30.512951145491297,
TGCTCTTGAGAGTTTG-1,30.49653883558849,
TGCTTAGAGAGAATGC-1,34.207334344059944,
TGCTTCCCAAGCAGTA-1,30.05177593036792,
TGCTTGAAACCATGCA-1,42.78697536985579,
TGGAACCACTGACACA-1,55.89374899068389,
TGGAAGACGAACACCA-1,51.033380673352994,
TGGAAGGATAAAGATG-1,34.857060195642134,
TGGAATATCCTTGACC-1,61.64506682834201,
TGGAATTAGACGCTTT-1,47.436662127871024,
TGGACACCGTTGCTTG-1,44.39075335422724,
TGGACCAATCTAAGAT-1,30.07982436201564,
TGGACCACGGCGTTGA-1,47.19700020263125,
TGGACGCAATCCAGCC-1,29.639675840065184,
TGGAGAATAATCGTCC-1,29.816451178656955,
TGGAGCTAAAGTTCCC-1,57.12085421250822,
TGGATAGAGTAACAGA-1,44.275495533888666,
TGGCAAACTAAATTAC-1,32.12591504333029,
TGGCAAGCACAAGTCG-1,28.688965315764356,
TGGCAATGGGACGGCG-1,36.96763971805471,
TGGCATGAAGTTTGGG-1,29.45384348621623,
TGGCCAATTTGGTACT-1,33.57741885068366,
TGGCGACTGCTCCAAA-1,31.346995578822668,
TGGCGGTGTGCGATTG-1,57.53404370341809,
TGGCTACACTCTACCT-1,32.99854268117287,
TGGCTATGTGACATAC-1,30.932926999436905,
TGGCTCTTGTCGCGTA-1,37.50023350693385,
TGGCTTATGTATAATG-1,31.44420845754406,
TGGGAAATGCCTTTCC-1,47.04924030575655,
TGGGATGCACTCATTC-1,52.91375460612857,
TGGGCAATAGTTGGGT-1,49.61989566844841,
TGGGCACAAACAGAAC-1,54.092369877408586,
TGGGCACGTTCTATGG-1,47.05410617623458,
TGGGCCACAAGAGCGC-1,37.97275446734062,
TGGGCCCATACTAATT-1,34.02799120600219,
TGGGTGCACAAGCCAT-1,30.997398060755216,
TGGGTGTTAAGTAGAA-1,30.15703049876222,
TGGGTTCCCGGACGGA-1,48.19168049213222,
TGGTAAGCAGGATTGA-1,39.11339170728756,
TGGTAGAATATATGGG-1,42.14562421919333,
TGGTATCGCATCCCAA-1,55.222378240319934,
TGGTATCGGTCTGTAT-1,54.71875851433411,
TGGTCCCACGCTACGG-1,31.82199988884868,
TGGTCGTGCAAGGCAA-1,37.76076474907736,
TGGTCTAGCTTACATG-1,48.17717220263595,
TGGTGATCGTATTTGT-1,53.74331047529742,
TGGTGCCCTGCCTTAC-1,28.5856712159682,
TGGTTAACTTACATTT-1,29.72436414999437,
TGGTTATGCTTGCGGT-1,52.09005676847895,
TGGTTCAACGGGTAAT-1,31.905374718865044,
TGGTTGGAGGATCCTG-1,59.30524734894257,
TGGTTTAAACGTGGGT-1,60.91735168183299,
TGTAATGACCACAATA-1,46.40628451786291,
TGTACCTACACGAGGG-1,32.26835225002805,
TGTACTGTGCCAAAGT-1,56.39161055269209,
TGTAGCCAATTCCGTT-1,30.6530876649768,
TGTAGTGATCTATAAT-1,33.89489389508712,
TGTATCCTTATTCCAT-1,57.11253387590182,
TGTATGGCGCAGACAG-1,43.39003308230021,
TGTCATTTGTTGGGAA-1,58.51631997775064,
TGTCCCGACATAGCAC-1,56.75285564443343,
TGTCCGCAAACAATTC-1,27.889674844403828,
TGTCCTAAGTCACCGC-1,32.38315761943642,
TGTCGGCATGGTGGAA-1,53.85185395418783,
TGTCGTTATCACATAT-1,29.7687021279707,
TGTCTACAGTTTCTGT-1,52.290710199111366,
TGTGACTACGCCAGTC-1,36.52507587895068,
TGTGAGACTAGCCCAA-1,29.9015810093474,
TGTGCCAGAGGCAAAG-1,31.36338838831767,
TGTGCCGGTGCCGGAA-1,36.95666070036607,
TGTGGAGGAAGCTTAA-1,60.03553074090056,
TGTGGCGGGCTTCTGG-1,28.97664874939788,
TGTGGTTGCTAAAGCT-1,29.105840582208653,
TGTGTCGAAGTCGAGG-1,36.81213475270347,
TGTGTGACCATGAATC-1,30.93398047204743,
TGTGTTCGTATCCAAG-1,35.61654528366846,
TGTTCATAAATGTGCT-1,52.61034509160108,
TGTTTAATACTTCATC-1,59.09996644299418,
TTAAACAGAGTCCCGC-1,57.63602186195054,
TTAAACCGGTAGCGAC-1,55.196483388301246,
TTAAACCTGGTTCCTT-1,53.25509393046735,
TTAAAGGCGATGCTCG-1,29.250509799895525,
TTAACACCTCGAACAT-1,51.73499009027724,
TTAACGTCGCAAGACC-1,55.52516865963394,
TTAACGTTAAAGCCTG-1,38.28464836227838,
TTAACTCACGCGTGGA-1,51.29816062185798,
TTAACTTCAGGTAGGA-1,34.089472609572354,
TTAAGATAGGATTGAC-1,57.61511137441156,
TTAAGGATACGGAGGT-1,56.37525324826193,
TTAATGCGAGGTAACT-1,59.66472203767299,
TTAATTGCTTTGGGTG-1,30.56531491106585,
TTAATTTCAGACGCGG-1,46.0395602835908,
TTACATCGTGGCCTGG-1,51.69278676400847,
TTACATGCCACAACTA-1,53.15078489572032,
TTACCATTGATTACCC-1,33.39252442548244,
TTACCCTAACAGTCCT-1,44.34848631995718,
TTACCCTAGGGATTGG-1,30.463380127708483,
TTACCGCCTTAGGGAA-1,53.83718555628816,
TTACGGTGTCACCGAG-1,55.07415795439123,
TTACTAAAGGACTTTA-1,34.54279182113652,
TTACTGTTTCTCTACG-1,59.59732365011502,
TTAGAAGAACATGACT-1,31.845404763764712,
TTAGAATAAGGGTCGG-1,30.253263539554236,
TTAGACGAGTCACCTC-1,33.46234292728166,
TTAGAGGGATATACAG-1,32.182611791972974,
TTAGAGTTTAGAAGGA-1,38.741474935094615,
TTAGATAGGTCGATAC-1,53.6318753209027,
TTAGCTAATACGATCT-1,59.16380081422184,
TTAGCTCTGTAATCCG-1,50.0698837555322,
TTAGGTCATAACCGAC-1,30.314554057748893,
TTAGTAAACCTGCTCT-1,32.01694786060956,
TTAGTAGGGCGGCGGG-1,34.03063148638342,
TTAGTTATTCGTGGCA-1,35.28292661475269,
TTATAGATGCACATTA-1,58.07090034289715,
TTATAGGTAATTGTCT-1,31.87430755778214,
TTATCCAATCGAACTC-1,52.80573006478543,
TTATCCGGGATCTATA-1,32.75134464834098,
TTATCCTCAAGGAATA-1,30.663036921169468,
TTATCGCCTGCGAAGC-1,53.69137181328505,
TTATCTGACATTAGGA-1,34.931842133786425,
TTATGACAAACTGGAT-1,37.075453095273616,
TTATGCGTCCCGGTCC-1,55.26184099109685,
TTATGTTTGCGATAGA-1,44.63915206971586,
TTCAAGCCGAGCTGAG-1,49.917894661711216,
TTCAATTAGCCATAAT-1,60.8374400705747,
TTCACTCGAGCACCTA-1,30.392710647063648,
TTCAGAGTAACCTGAC-1,50.17495352203171,
TTCAGCCCTGGTCCAC-1,36.36946147557551,
TTCAGCTGGCGTGCCC-1,33.93096108753683,
TTCAGGCGTCAAAGCC-1,38.74485756425125,
TTCAGTTCAAGAGGAG-1,29.853709616800504,
TTCAGTTTGTGGCAGC-1,50.73958053734038,
TTCATAGGGTGTCCAT-1,43.15456955507084,
TTCATGGCGCAACAGG-1,37.70499241209914,
TTCCAGACGAGATTTA-1,45.06731814053285,
TTCCATCATGCGGTGA-1,59.21429002128973,
TTCCCGGCGCCAATAG-1,34.38714154415589,
TTCCGGCCTTGAGGCT-1,31.65368553212948,
TTCCGGTTACCCACTT-1,37.67656997457675,
TTCCTCGGACTAACCA-1,32.52388144287614,
TTCCTCTGCCCGAATA-1,46.45600706179788,
TTCCTTTCTGTGTTGC-1,56.136497732567534,
TTCGACAGAGCCCGTG-1,34.98529651998239,
TTCGCACTGTACGACA-1,30.31434505633907,
TTCGCATCCGGAAGCA-1,48.78750896816265,
TTCGCCGCTCGCGCTA-1,28.64396904302312,
TTCGCGCGCCATACGA-1,30.308654479921778,
TTCGGCAACCCGCTGA-1,50.44857386941468,
TTCGGCTAGAGATGGT-1,49.65072444514296,
TTCGGGCGCTAGTCTT-1,30.336671730920077,
TTCGGTACTGTAGAGG-1,30.232196895041746,
TTCGTAATCCCAGCGG-1,57.18556277276784,
TTCGTACTCCAGAACG-1,38.91287232493109,
TTCGTTCAACGAAGTT-1,60.888541626223,
TTCTACCTTTATGTTG-1,61.05989154508461,
TTCTAGAAAGTCTTAT-1,30.50281654348488,
TTCTGACCGGGCTCAA-1,31.45006929455974,
TTCTGCTAGACTCCAA-1,58.22151389696764,
TTCTGTTTCCTGTCGC-1,46.27540766142108,
TTCTTAGTGAACGGTG-1,48.7698556167198,
TTCTTATCCGCTGGGT-1,46.30164139242146,
TTCTTCCCTTTGATAT-1,50.41610156126283,
TTCTTGCTAGCATCTC-1,50.74987527190813,
TTCTTGGACGATCTGC-1,30.05662352771232,
TTCTTGTGTCCATCAG-1,46.89647734183619,
TTCTTTGGTCGCGACG-1,61.70396641716178,
TTGAACGAATCCTTTG-1,50.7259794164947,
TTGAACGACGTGCTGA-1,30.525043544914965,
TTGAAGGATGGGCGCC-1,29.932984520584977,
TTGAATCGTTGTATAA-1,32.76780604159819,
TTGAATTCACGTGAGG-1,48.79027574110288,
TTGACAGGAGCTCCCG-1,41.87878892338536,
TTGACCAGGAACAACT-1,30.78546972899574,
TTGACCGTGTTAATGA-1,32.7834922542433,
TTGACGATTCAGCACG-1,55.085264080619766,
TTGACGCTCCATGAGC-1,48.37282513095392,
TTGACTATTGTCCGGC-1,46.612234410509565,
TTGAGAAGTTTAGCAT-1,31.375507007679733,
TTGATGCCGCTCGTCG-1,29.620950878078222,
TTGATTAGCTGTTTCT-1,34.84195346902228,
TTGATTATGCAGATGA-1,38.05242511618454,
TTGCAAGAAGACTCCT-1,32.150150071793874,
TTGCCAAGCAGAACCC-1,46.821861158008005,
TTGCCATAGCCCGCTC-1,30.778170604343146,
TTGCCGCAGACCTACA-1,30.84706668243448,
TTGCCGCTTTCTAGTA-1,30.52023533606645,
TTGCCGGTGATCCCTC-1,56.27259840060008,
TTGCGCTCTCTCGCTT-1,45.92532151049517,
TTGCGGCATCAGAAAG-1,32.69013328583126,
TTGCGGCGACTCATGC-1,56.29813890916302,
TTGCGTAGTTTGAGGA-1,47.23069820054961,
TTGCGTCGGCCAACCG-1,33.15139384044732,
TTGCGTGAACGCTTAG-1,59.40312297346377,
TTGCGTGTGTAGGCAT-1,33.577352726769824,
TTGCTCCCATACCGGA-1,38.21086272582417,
TTGCTGCACCTATCCA-1,52.59654890221923,
TTGCTGGCCGGGCTTC-1,57.9391683788377,
TTGGAAGAATACAGTC-1,31.56850847533729,
TTGGACCATCTGGCAA-1,39.01997486077196,
TTGGACCTATAACAGT-1,31.105486039442816,
TTGGAGTCTCCCTTCT-1,54.70275971674835,
TTGGATCGACTTCTGG-1,55.01416635085429,
TTGGCCATCTTGCGCT-1,51.95167451401424,
TTGGGACGTAAGAGTT-1,40.88856712873524,
TTGGTTGCGGTGCGCG-1,30.405267600544008,
TTGTACACCTCGAACA-1,30.127232738276337,
TTGTATCACACAGAAT-1,54.87010995816316,
TTGTCACCGCGGTATC-1,29.53327856467556,
TTGTGAACCTAATCCG-1,37.08666687588214,
TTGTGAGGCATGACGC-1,34.33487458566318,
TTGTGCAGCCACGTCA-1,30.490698357064545,
TTGTGGTAGGAGGGAT-1,35.14641112563221,
TTGTGTATGCCACCAA-1,30.684036509824654,
TTGTTCTAGATACGCT-1,49.56861207553388,
TTGTTTCACATCCAGG-1,30.218189649610665,
TTGTTTGTATTACACG-1,32.08253941716428,
TTGTTTGTGTAAATTC-1,57.435059645474986,
